date,Afghanistan,Albania,Algeria,Andorra,Angola,Antigua and Barbuda,Argentina,Armenia,Australia,Austria,Azerbaijan,Bahamas,Bahrain,Bangladesh,Barbados,Belarus,Belgium,Belize,Benin,Bhutan,Bolivia,Bosnia and Herzegovina,Botswana,Brazil,Brunei,Bulgaria,Burkina Faso,Burma,Burundi,Cabo Verde,Cambodia,Cameroon,Canada,Central African Republic,Chad,Chile,China,Colombia,Comoros,Congo (Brazzaville),Congo (Kinshasa),Costa Rica,Cote d'Ivoire,Croatia,Cuba,Cyprus,Czechia,Denmark,Diamond Princess,Djibouti,Dominica,Dominican Republic,Ecuador,Egypt,El Salvador,Equatorial Guinea,Eritrea,Estonia,Eswatini,Ethiopia,Fiji,Finland,France,Gabon,Gambia,Georgia,Germany,Ghana,Greece,Grenada,Guatemala,Guinea,Guinea-Bissau,Guyana,Haiti,Holy See,Honduras,Hungary,Iceland,India,Indonesia,Iran,Iraq,Ireland,Israel,Italy,Jamaica,Japan,Jordan,Kazakhstan,Kenya,"Korea, South",Kosovo,Kuwait,Kyrgyzstan,Laos,Latvia,Lebanon,Liberia,Libya,Liechtenstein,Lithuania,Luxembourg,Madagascar,Malawi,Malaysia,Maldives,Mali,Malta,Mauritania,Mauritius,Mexico,Moldova,Monaco,Mongolia,Montenegro,Morocco,Mozambique,MS Zaandam,Namibia,Nepal,Netherlands,New Zealand,Nicaragua,Niger,Nigeria,North Macedonia,Norway,Oman,Pakistan,Panama,Papua New Guinea,Paraguay,Peru,Philippines,Poland,Portugal,Qatar,Romania,Russia,Rwanda,Saint Kitts and Nevis,Saint Lucia,Saint Vincent and the Grenadines,San Marino,Sao Tome and Principe,Saudi Arabia,Senegal,Serbia,Seychelles,Sierra Leone,Singapore,Slovakia,Slovenia,Somalia,South Africa,South Sudan,Spain,Sri Lanka,Sudan,Suriname,Sweden,Switzerland,Syria,Taiwan*,Tajikistan,Tanzania,Thailand,Timor-Leste,Togo,Trinidad and Tobago,Tunisia,Turkey,Uganda,Ukraine,United Arab Emirates,United Kingdom,Uruguay,US,Uzbekistan,Venezuela,Vietnam,West Bank and Gaza,Western Sahara,Yemen,Zambia,Zimbabwe
1/22/2020,0,0,0,0,0,0,0,0,0,0,0,0,0,0,0,0,0,0,0,0,0,0,0,0,0,0,0,0,0,0,0,0,0,0,0,0,593,0,0,0,0,0,0,0,0,0,0,0,0,0,0,0,0,0,0,0,0,0,0,0,0,0,0,0,0,0,0,0,0,0,0,0,0,0,0,0,0,0,0,0,0,0,0,0,0,0,0,2,0,0,0,1,0,0,0,0,0,0,0,0,0,0,0,0,0,0,0,0,0,0,0,0,0,0,0,0,0,0,0,0,0,0,0,0,0,0,0,0,0,0,0,0,0,0,0,0,0,0,0,0,0,0,0,0,0,0,0,0,0,0,0,0,0,0,0,0,0,0,0,0,0,0,0,0,1,0,0,2,0,0,0,0,0,0,0,0,0,0,1,0,0,0,0,0,0,0,0
1/23/2020,0,0,0,0,0,0,0,0,0,0,0,0,0,0,0,0,0,0,0,0,0,0,0,0,0,0,0,0,0,0,0,0,0,0,0,0,98,0,0,0,0,0,0,0,0,0,0,0,0,0,0,0,0,0,0,0,0,0,0,0,0,0,0,0,0,0,0,0,0,0,0,0,0,0,0,0,0,0,0,0,0,0,0,0,0,0,0,0,0,0,0,0,0,0,0,0,0,0,0,0,0,0,0,0,0,0,0,0,0,0,0,0,0,0,0,0,0,0,0,0,0,0,0,0,0,0,0,0,0,0,0,0,0,0,0,0,0,0,0,0,0,0,0,0,0,0,0,0,0,0,0,1,0,0,0,0,0,0,0,0,0,0,0,0,0,0,0,1,0,0,0,0,0,0,0,0,0,0,0,0,0,2,0,0,0,0,0
1/24/2020,0,0,0,0,0,0,0,0,0,0,0,0,0,0,0,0,0,0,0,0,0,0,0,0,0,0,0,0,0,0,0,0,0,0,0,0,291,0,0,0,0,0,0,0,0,0,0,0,0,0,0,0,0,0,0,0,0,0,0,0,0,0,2,0,0,0,0,0,0,0,0,0,0,0,0,0,0,0,0,0,0,0,0,0,0,0,0,0,0,0,0,1,0,0,0,0,0,0,0,0,0,0,0,0,0,0,0,0,0,0,0,0,0,0,0,0,0,0,0,0,0,0,0,0,0,0,0,0,0,0,0,0,0,0,0,0,0,0,0,0,0,0,0,0,0,0,0,0,0,0,0,2,0,0,0,0,0,0,0,0,0,0,0,0,2,0,0,2,0,0,0,0,0,0,0,0,0,0,1,0,0,0,0,0,0,0,0
1/25/2020,0,0,0,0,0,0,0,0,0,0,0,0,0,0,0,0,0,0,0,0,0,0,0,0,0,0,0,0,0,0,0,0,0,0,0,0,505,0,0,0,0,0,0,0,0,0,0,0,0,0,0,0,0,0,0,0,0,0,0,0,0,0,1,0,0,0,0,0,0,0,0,0,0,0,0,0,0,0,0,0,0,0,0,0,0,0,0,0,0,0,0,0,0,0,0,0,0,0,0,0,0,0,0,0,0,3,0,0,0,0,0,0,0,0,0,0,0,0,0,0,1,0,0,0,0,0,0,0,0,0,0,0,0,0,0,0,0,0,0,0,0,0,0,0,0,0,0,0,0,0,0,0,0,0,0,0,0,0,0,0,0,0,0,0,0,0,0,2,0,0,0,0,0,0,0,0,0,0,0,0,0,0,0,0,0,0,0
1/26/2020,0,0,0,0,0,0,0,0,4,0,0,0,0,0,0,0,0,0,0,0,0,0,0,0,0,0,0,0,0,0,0,0,1,0,0,0,693,0,0,0,0,0,0,0,0,0,0,0,0,0,0,0,0,0,0,0,0,0,0,0,0,0,0,0,0,0,0,0,0,0,0,0,0,0,0,0,0,0,0,0,0,0,0,0,0,0,0,3,0,0,0,1,0,0,0,0,0,0,0,0,0,0,0,0,0,1,0,0,0,0,0,0,0,0,0,0,0,0,0,0,0,0,0,0,0,0,0,0,0,0,0,0,0,0,0,0,0,0,0,0,0,0,0,0,0,0,0,0,0,0,0,1,0,0,0,0,0,0,0,0,0,0,0,0,1,0,0,3,0,0,0,0,0,0,0,0,0,0,3,0,0,0,0,0,0,0,0
1/27/2020,0,0,0,0,0,0,0,0,1,0,0,0,0,0,0,0,0,0,0,0,0,0,0,0,0,0,0,0,0,0,1,0,0,0,0,0,837,0,0,0,0,0,0,0,0,0,0,0,0,0,0,0,0,0,0,0,0,0,0,0,0,0,0,0,0,0,1,0,0,0,0,0,0,0,0,0,0,0,0,0,0,0,0,0,0,0,0,0,0,0,0,1,0,0,0,0,0,0,0,0,0,0,0,0,0,0,0,0,0,0,0,0,0,0,0,0,0,0,0,0,0,0,0,0,0,0,0,0,0,0,0,0,0,0,0,0,0,0,0,0,0,0,0,0,0,0,0,0,0,0,0,1,0,0,0,0,0,0,1,0,0,0,0,0,1,0,0,0,0,0,0,0,0,0,0,0,0,0,0,0,0,0,0,0,0,0,0
1/28/2020,0,0,0,0,0,0,0,0,0,0,0,0,0,0,0,0,0,0,0,0,0,0,0,0,0,0,0,0,0,0,0,0,1,0,0,0,2724,0,0,0,0,0,0,0,0,0,0,0,0,0,0,0,0,0,0,0,0,0,0,0,0,0,1,0,0,0,3,0,0,0,0,0,0,0,0,0,0,0,0,0,0,0,0,0,0,0,0,3,0,0,0,0,0,0,0,0,0,0,0,0,0,0,0,0,0,0,0,0,0,0,0,0,0,0,0,0,0,0,0,0,0,0,0,0,0,0,0,0,0,0,0,0,0,0,0,0,0,0,0,0,0,0,0,0,0,0,0,0,0,0,0,2,0,0,0,0,0,0,0,0,0,0,0,0,3,0,0,9,0,0,0,0,0,0,0,0,0,0,0,0,0,0,0,0,0,0,0
1/29/2020,0,0,0,0,0,0,0,0,1,0,0,0,0,0,0,0,0,0,0,0,0,0,0,0,0,0,0,0,0,0,0,0,0,0,0,0,599,0,0,0,0,0,0,0,0,0,0,0,0,0,0,0,0,0,0,0,0,0,0,0,0,1,1,0,0,0,0,0,0,0,0,0,0,0,0,0,0,0,0,0,0,0,0,0,0,0,0,0,0,0,0,0,0,0,0,0,0,0,0,0,0,0,0,0,0,3,0,0,0,0,0,0,0,0,0,0,0,0,0,0,0,0,0,0,0,0,0,0,0,0,0,0,0,0,0,0,0,0,0,0,0,0,0,0,0,0,0,0,0,0,0,0,0,0,0,0,0,0,0,0,0,0,0,0,0,0,0,0,0,0,0,0,0,0,0,4,0,0,0,0,0,0,0,0,0,0,0
1/30/2020,0,0,0,0,0,0,0,0,5,0,0,0,0,0,0,0,0,0,0,0,0,0,0,0,0,0,0,0,0,0,0,0,0,0,0,0,2107,0,0,0,0,0,0,0,0,0,0,0,0,0,0,0,0,0,0,0,0,0,0,0,0,0,0,0,0,0,0,0,0,0,0,0,0,0,0,0,0,0,0,1,0,0,0,0,0,0,0,4,0,0,0,0,0,0,0,0,0,0,0,0,0,0,0,0,0,1,0,0,0,0,0,0,0,0,0,0,0,0,0,0,0,0,0,0,0,0,0,0,0,0,0,0,0,0,1,0,0,0,0,0,0,0,0,0,0,0,0,0,0,0,0,3,0,0,0,0,0,0,0,0,0,0,0,0,1,0,0,0,0,0,0,0,0,0,0,0,0,0,0,0,0,0,0,0,0,0,0
1/31/2020,0,0,0,0,0,0,0,0,0,0,0,0,0,0,0,0,0,0,0,0,0,0,0,0,0,0,0,0,0,0,0,0,2,0,0,0,1782,0,0,0,0,0,0,0,0,0,0,0,0,0,0,0,0,0,0,0,0,0,0,0,0,0,0,0,0,0,1,0,0,0,0,0,0,0,0,0,0,0,0,0,0,0,0,0,0,2,0,4,0,0,0,7,0,0,0,0,0,0,0,0,0,0,0,0,0,0,0,0,0,0,0,0,0,0,0,0,0,0,0,0,0,0,0,0,0,0,0,0,0,0,0,0,0,0,0,0,0,0,0,2,0,0,0,0,0,0,0,0,0,0,0,3,0,0,0,0,0,0,0,0,0,1,0,0,1,0,0,5,0,0,0,0,0,0,0,0,2,0,2,0,0,0,0,0,0,0,0
2/1/2020,0,0,0,0,0,0,0,0,3,0,0,0,0,0,0,0,0,0,0,0,0,0,0,0,0,0,0,0,0,0,0,0,0,0,0,0,2196,0,0,0,0,0,0,0,0,0,0,0,0,0,0,0,0,0,0,0,0,0,0,0,0,0,1,0,0,0,3,0,0,0,0,0,0,0,0,0,0,0,0,0,0,0,0,0,0,0,0,5,0,0,0,1,0,0,0,0,0,0,0,0,0,0,0,0,0,0,0,0,0,0,0,0,0,0,0,0,0,0,0,0,0,0,0,0,0,0,0,0,0,0,0,0,0,0,0,0,0,0,0,0,0,0,0,0,0,0,0,0,0,0,0,3,0,0,0,0,0,1,0,0,0,0,0,0,0,0,0,0,0,0,0,0,0,0,0,0,0,0,1,0,0,5,0,0,0,0,0
2/2/2020,0,0,0,0,0,0,0,0,0,0,0,0,0,0,0,0,0,0,0,0,0,0,0,0,0,0,0,0,0,0,0,0,0,0,0,0,5029,0,0,0,0,0,0,0,0,0,0,0,0,0,0,0,0,0,0,0,0,0,0,0,0,0,0,0,0,0,2,0,0,0,0,0,0,0,0,0,0,0,0,1,0,0,0,0,0,0,0,0,0,0,0,3,0,0,0,0,0,0,0,0,0,0,0,0,0,0,0,0,0,0,0,0,0,0,0,0,0,0,0,0,0,0,0,0,0,0,0,0,0,0,0,0,0,0,2,0,0,0,0,0,0,0,0,0,0,0,0,0,0,0,0,2,0,0,0,0,0,0,0,0,0,0,0,0,0,0,0,0,0,0,0,0,0,0,0,1,0,0,0,0,0,0,0,0,0,0,0
2/3/2020,0,0,0,0,0,0,0,0,0,0,0,0,0,0,0,0,0,0,0,0,0,0,0,0,0,0,0,0,0,0,0,0,0,0,0,0,3301,0,0,0,0,0,0,0,0,0,0,0,0,0,0,0,0,0,0,0,0,0,0,0,0,0,0,0,0,0,2,0,0,0,0,0,0,0,0,0,0,0,0,1,0,0,0,0,0,0,0,0,0,0,0,0,0,0,0,0,0,0,0,0,0,0,0,0,0,0,0,0,0,0,0,0,0,0,0,0,0,0,0,0,0,0,0,0,0,0,0,0,0,0,0,0,0,0,0,0,0,0,0,0,0,0,0,0,0,0,0,0,0,0,0,0,0,0,0,0,0,0,0,0,0,0,0,0,0,0,0,0,0,0,0,0,0,0,0,0,0,0,3,0,0,2,0,0,0,0,0
2/4/2020,0,0,0,0,0,0,0,0,1,0,0,0,0,0,0,0,1,0,0,0,0,0,0,0,0,0,0,0,0,0,0,0,0,0,0,0,4286,0,0,0,0,0,0,0,0,0,0,0,0,0,0,0,0,0,0,0,0,0,0,0,0,0,0,0,0,0,0,0,0,0,0,0,0,0,0,0,0,0,0,0,0,0,0,0,0,0,0,2,0,0,0,1,0,0,0,0,0,0,0,0,0,0,0,0,0,2,0,0,0,0,0,0,0,0,0,0,0,0,0,0,0,0,0,0,0,0,0,0,0,0,0,0,0,0,0,0,0,0,0,0,0,0,0,0,0,0,0,0,0,0,0,6,0,0,0,0,0,0,0,0,0,0,0,0,1,0,0,6,0,0,0,0,0,0,0,0,0,0,0,0,0,0,0,0,0,0,0
2/5/2020,0,0,0,0,0,0,0,0,0,0,0,0,0,0,0,0,0,0,0,0,0,0,0,0,0,0,0,0,0,0,0,0,1,0,0,0,4077,0,0,0,0,0,0,0,0,0,0,0,0,0,0,0,0,0,0,0,0,0,0,0,0,0,0,0,0,0,0,0,0,0,0,0,0,0,0,0,0,0,0,0,0,0,0,0,0,0,0,0,0,0,0,3,0,0,0,0,0,0,0,0,0,0,0,0,0,2,0,0,0,0,0,0,0,0,0,0,0,0,0,0,0,0,0,0,0,0,0,0,0,0,0,0,0,0,0,0,0,0,0,0,0,0,0,0,0,0,0,0,0,0,0,4,0,0,0,0,0,0,0,0,0,0,0,0,0,0,0,0,0,0,0,0,0,0,0,0,0,0,0,0,0,0,0,0,0,0,0
2/6/2020,0,0,0,0,0,0,0,0,1,0,0,0,0,0,0,0,0,0,0,0,0,0,0,0,0,0,0,0,0,0,0,0,0,0,0,0,3579,0,0,0,0,0,0,0,0,0,0,0,0,0,0,0,0,0,0,0,0,0,0,0,0,0,0,0,0,0,0,0,0,0,0,0,0,0,0,0,0,0,0,0,0,0,0,0,0,0,0,0,0,0,0,4,0,0,0,0,0,0,0,0,0,0,0,0,0,0,0,0,0,0,0,0,0,0,0,0,0,0,0,0,0,0,0,0,0,0,0,0,0,0,0,0,0,0,0,0,0,0,0,0,0,0,0,0,0,0,0,0,0,0,0,0,0,0,0,0,0,0,0,0,0,0,0,0,6,0,0,0,0,0,0,0,0,0,0,0,0,0,0,0,0,2,0,0,0,0,0
2/7/2020,0,0,0,0,0,0,0,0,1,0,0,0,0,0,0,0,0,0,0,0,0,0,0,0,0,0,0,0,0,0,0,0,2,0,0,0,4130,0,0,0,0,0,0,0,0,0,0,0,61,0,0,0,0,0,0,0,0,0,0,0,0,0,0,0,0,0,1,0,0,0,0,0,0,0,0,0,0,0,0,0,0,0,0,0,0,1,0,3,0,0,0,2,0,0,0,0,0,0,0,0,0,0,0,0,0,1,0,0,0,0,0,0,0,0,0,0,0,0,0,0,0,0,0,0,0,0,0,0,0,0,0,0,0,0,1,0,0,0,0,0,0,0,0,0,0,0,0,0,0,0,0,2,0,0,0,0,0,0,0,0,0,0,0,0,0,0,0,0,0,0,0,0,0,0,0,0,1,0,0,0,0,0,0,0,0,0,0
2/8/2020,0,0,0,0,0,0,0,0,0,0,0,0,0,0,0,0,0,0,0,0,0,0,0,0,0,0,0,0,0,0,0,0,0,0,0,0,3388,0,0,0,0,0,0,0,0,0,0,0,0,0,0,0,0,0,0,0,0,0,0,0,0,0,5,0,0,0,0,0,0,0,0,0,0,0,0,0,0,0,0,0,0,0,0,0,0,0,0,0,0,0,0,0,0,0,0,0,0,0,0,0,0,0,0,0,0,4,0,0,0,0,0,0,0,0,0,0,0,0,0,0,0,0,0,0,0,0,0,0,0,0,0,0,0,0,0,0,0,0,0,0,0,0,0,0,0,0,0,0,0,0,0,5,0,0,0,0,0,0,1,0,0,0,0,0,1,0,0,12,0,0,0,0,0,0,0,2,0,0,0,0,0,3,0,0,0,0,0
2/9/2020,0,0,0,0,0,0,0,0,0,0,0,0,0,0,0,0,0,0,0,0,0,0,0,0,0,0,0,0,0,0,0,0,0,0,0,0,3738,0,0,0,0,0,0,0,0,0,0,0,3,0,0,0,0,0,0,0,0,0,0,0,0,0,0,0,0,0,1,0,0,0,0,0,0,0,0,0,0,0,0,0,0,0,0,0,0,0,0,1,0,0,0,3,0,0,0,0,0,0,0,0,0,0,0,0,0,0,0,0,0,0,0,0,0,0,0,0,0,0,0,0,0,0,0,0,0,0,0,0,0,0,0,0,0,0,0,0,0,0,0,0,0,0,0,0,0,0,0,0,0,0,0,7,0,0,0,0,0,1,0,0,0,0,0,0,1,0,0,0,0,0,0,0,0,0,0,0,0,0,3,0,0,0,0,0,0,0,0
2/10/2020,0,0,0,0,0,0,0,0,0,0,0,0,0,0,0,0,0,0,0,0,0,0,0,0,0,0,0,0,0,0,0,0,0,0,0,0,3331,0,0,0,0,0,0,0,0,0,0,0,71,0,0,0,0,0,0,0,0,0,0,0,0,0,0,0,0,0,0,0,0,0,0,0,0,0,0,0,0,0,0,0,0,0,0,0,0,0,0,3,0,0,0,2,0,0,0,0,0,0,0,0,0,0,0,0,0,2,0,0,0,0,0,0,0,0,0,0,0,0,0,0,0,0,0,0,0,0,0,0,0,0,0,0,0,0,0,0,0,0,0,0,0,0,0,0,0,0,0,0,0,0,0,5,0,0,0,0,0,0,0,0,0,0,0,0,0,0,0,0,0,0,0,0,0,0,0,1,5,0,0,0,0,1,0,0,0,0,0
2/11/2020,0,0,0,0,0,0,0,0,0,0,0,0,0,0,0,0,0,0,0,0,0,0,0,0,0,0,0,0,0,0,0,0,0,0,0,0,2850,0,0,0,0,0,0,0,0,0,0,0,0,0,0,0,0,0,0,0,0,0,0,0,0,0,0,0,0,0,2,0,0,0,0,0,0,0,0,0,0,0,0,0,0,0,0,0,0,0,0,5,0,0,0,1,0,0,0,0,0,0,0,0,0,0,0,0,0,2,0,0,0,0,0,0,0,0,0,0,0,0,0,0,0,0,0,0,0,0,0,0,0,0,0,0,0,0,0,0,0,0,0,0,0,0,0,0,0,0,0,0,0,0,0,9,0,0,0,0,0,0,0,0,0,0,0,0,0,0,0,1,0,0,0,0,0,0,0,0,0,0,1,0,0,6,0,0,0,0,0
2/12/2020,0,0,0,0,0,0,0,0,0,0,0,0,0,0,0,0,0,0,0,0,0,0,0,0,0,0,0,0,0,0,1,0,1,0,0,0,824,0,0,0,0,0,0,0,0,0,0,0,40,0,0,0,0,0,0,0,0,0,0,0,0,1,2,0,0,0,0,0,0,0,0,0,0,0,0,0,0,0,0,0,0,0,0,0,0,0,0,2,0,0,0,4,0,0,0,0,0,0,0,0,0,0,0,0,0,0,0,0,0,0,0,0,0,0,0,0,0,0,0,0,1,0,0,0,0,0,0,0,0,0,0,0,0,0,1,0,0,0,0,2,0,0,0,0,0,0,0,0,0,0,0,9,0,0,0,0,0,0,0,0,0,0,0,0,0,0,0,0,0,0,0,0,0,0,0,1,2,0,0,0,0,0,0,0,0,0,0
2/13/2020,0,0,0,0,0,0,0,0,6,0,0,0,0,0,0,0,0,0,0,0,0,0,0,0,0,0,0,0,0,0,0,0,0,0,0,0,16523,0,0,0,0,0,0,0,0,0,0,0,0,0,0,0,0,0,0,0,0,0,0,0,0,0,0,0,0,0,1,0,0,0,0,0,0,0,0,0,0,0,0,0,0,0,0,0,0,0,0,1,0,0,0,0,0,0,0,0,0,0,0,0,0,0,0,0,0,1,0,0,0,0,0,0,0,0,0,0,0,0,0,0,0,0,0,0,0,0,0,0,0,0,0,0,0,0,0,0,0,0,0,0,0,0,0,0,0,0,0,0,0,0,0,8,0,0,0,0,0,0,0,0,0,0,0,0,0,0,0,2,0,0,0,0,0,0,0,0,0,0,1,0,0,2,0,0,0,0,0
2/14/2020,0,0,0,0,0,0,0,0,0,0,0,0,0,0,0,0,0,0,0,0,0,0,0,0,0,0,0,0,0,0,0,0,0,0,0,0,8375,0,0,0,0,0,0,0,0,0,0,0,43,0,0,0,0,1,0,0,0,0,0,0,0,0,0,0,0,0,0,0,0,0,0,0,0,0,0,0,0,0,0,0,0,0,0,0,0,0,0,1,0,0,0,0,0,0,0,0,0,0,0,0,0,0,0,0,0,0,0,0,0,0,0,0,0,0,0,0,0,0,0,0,0,0,0,0,0,0,0,0,0,0,0,0,0,0,0,0,0,0,0,0,0,0,0,0,0,0,0,0,0,0,0,11,0,0,0,0,0,0,0,0,0,0,0,0,1,0,0,0,0,0,0,0,0,0,0,0,0,0,0,0,0,0,0,0,0,0,0
2/15/2020,0,0,0,0,0,0,0,0,0,0,0,0,0,0,0,0,0,0,0,0,0,0,0,0,0,0,0,0,0,0,0,0,0,0,0,0,3518,0,0,0,0,0,0,0,0,0,0,0,67,0,0,0,0,0,0,0,0,0,0,0,0,0,4,0,0,0,0,0,0,0,0,0,0,0,0,0,0,0,0,0,0,0,0,0,0,0,0,17,0,0,0,2,0,0,0,0,0,0,0,0,0,0,0,0,0,7,0,0,0,0,0,0,0,0,0,0,0,0,0,0,0,0,0,0,0,0,0,0,0,0,0,0,0,0,0,0,0,0,0,0,0,0,0,0,0,0,0,0,0,0,0,6,0,0,0,0,0,2,0,0,0,0,0,0,0,0,0,0,0,0,0,0,0,0,0,2,0,0,0,0,0,0,0,0,0,0,0
2/16/2020,0,0,0,0,0,0,0,0,0,0,0,0,0,0,0,0,0,0,0,0,0,0,0,0,0,0,0,0,0,0,0,0,0,0,0,0,3660,0,0,0,0,0,0,0,0,0,0,0,70,0,0,0,0,0,0,0,0,0,0,0,0,0,0,0,0,0,0,0,0,0,0,0,0,0,0,0,0,0,0,3,0,0,0,0,0,0,0,16,0,0,0,1,0,0,0,0,0,0,0,0,0,0,0,0,0,0,0,0,0,0,0,0,0,0,0,0,0,0,0,0,0,0,0,0,0,0,0,0,0,0,0,0,0,0,0,0,0,0,0,0,0,0,0,0,0,0,0,0,0,0,0,3,0,0,0,0,0,0,0,0,0,0,0,0,3,0,0,3,0,0,0,0,0,0,0,2,7,0,0,0,0,0,0,0,0,0,0
2/17/2020,0,0,0,0,0,0,0,0,2,0,0,0,0,0,0,0,1,0,0,0,0,0,0,0,0,0,0,0,0,0,0,0,1,0,0,0,3726,0,0,0,0,0,0,0,0,0,0,0,99,0,0,0,0,0,0,0,0,0,0,0,0,0,0,0,0,0,0,0,0,0,0,0,0,0,0,0,0,0,0,0,0,0,0,0,0,0,0,7,0,0,0,2,0,0,0,0,0,0,0,0,0,0,0,0,0,0,0,0,0,0,0,0,0,0,0,0,0,0,0,0,0,0,0,0,0,0,0,0,0,0,0,0,0,0,0,0,0,0,0,0,0,0,0,0,0,0,0,0,0,0,0,8,0,0,0,0,0,0,0,0,0,0,0,0,2,0,0,2,0,0,0,0,0,0,0,0,0,0,0,0,0,0,0,0,0,0,0
2/18/2020,0,0,0,0,0,0,0,0,0,0,0,0,0,0,0,0,0,0,0,0,0,0,0,0,0,0,0,0,0,0,0,0,0,0,0,0,3660,0,0,0,0,0,0,0,0,0,0,0,88,0,0,0,0,0,0,0,0,0,0,0,0,0,0,0,0,0,11,0,0,0,0,0,0,0,0,0,0,0,0,0,0,0,0,0,0,0,0,9,0,0,0,3,0,0,0,0,0,0,0,0,0,0,0,0,0,6,0,0,0,0,0,0,0,0,0,0,0,0,0,0,0,0,0,0,0,0,0,0,0,0,0,0,0,0,0,0,0,0,0,0,0,0,0,0,0,0,0,0,0,0,0,9,0,0,0,0,0,0,0,0,0,0,0,0,0,0,0,0,0,0,0,0,0,0,0,0,0,0,0,0,0,0,0,0,0,0,0
2/19/2020,0,0,0,0,0,0,0,0,0,0,0,0,0,0,0,0,0,0,0,0,0,0,0,0,0,0,0,0,0,0,0,0,0,0,0,0,2277,0,0,0,0,0,0,0,0,0,0,0,80,0,0,0,0,0,0,0,0,0,0,0,0,0,0,0,0,0,0,0,0,0,0,0,0,0,0,0,0,0,0,0,0,4,0,0,0,0,0,15,0,0,0,0,0,0,0,0,0,0,0,0,0,0,0,0,0,2,0,0,0,0,0,0,0,0,0,0,0,0,0,0,0,0,0,0,0,0,0,0,0,0,0,0,0,0,0,0,0,0,0,0,0,0,0,0,0,0,0,0,0,0,0,8,0,0,0,0,0,0,0,0,0,0,0,0,1,0,0,0,0,0,0,0,0,0,0,0,0,0,0,0,0,0,0,0,0,0,0
2/20/2020,0,0,0,0,0,0,0,0,0,0,0,0,0,0,0,0,0,0,0,0,0,0,0,0,0,0,0,0,0,0,0,0,0,0,0,0,2632,0,0,0,0,0,0,0,0,0,0,0,15,0,0,0,0,0,0,0,0,0,0,0,0,0,0,0,0,0,0,0,0,0,0,0,0,0,0,0,0,0,0,0,0,3,0,0,0,0,0,10,0,0,0,78,0,0,0,0,0,0,0,0,0,0,0,0,0,0,0,0,0,0,0,0,0,0,0,0,0,0,0,0,0,0,0,0,0,0,0,0,0,0,0,0,0,0,0,0,0,0,0,0,0,0,0,0,0,0,0,0,0,0,0,0,0,0,0,0,0,0,0,0,0,0,0,0,1,0,0,0,0,0,0,0,0,0,0,0,0,0,0,0,0,0,0,0,0,0,0
2/21/2020,0,0,0,0,0,0,0,0,1,0,0,0,0,0,0,0,0,0,0,0,0,0,0,0,0,0,0,0,0,0,0,0,3,0,0,0,1163,0,0,0,0,0,0,0,0,0,0,0,0,0,0,0,0,0,0,0,0,0,0,0,0,0,0,0,0,0,2,0,0,0,0,0,0,0,0,0,0,0,0,0,0,15,0,0,1,18,0,15,0,0,0,101,0,0,0,0,0,1,0,0,0,0,0,0,0,0,0,0,0,0,0,0,0,0,0,0,0,0,0,0,0,0,0,0,0,0,0,0,0,0,0,0,0,0,0,0,0,0,0,0,0,0,0,0,0,0,0,0,0,0,0,4,0,0,0,0,0,0,0,0,0,0,0,0,2,0,0,2,0,0,0,0,0,0,0,0,0,0,4,0,0,7,0,0,0,0,0
2/22/2020,0,0,0,0,0,0,0,0,0,0,0,0,0,0,0,0,0,0,0,0,0,0,0,0,0,0,0,0,0,0,0,0,0,0,0,0,5651,0,0,0,0,0,0,0,0,0,0,0,0,0,0,0,0,0,0,0,0,0,0,0,0,0,0,0,0,0,0,0,0,0,0,0,0,0,0,0,0,0,0,0,0,11,0,0,0,44,0,17,0,0,0,229,0,0,0,0,0,0,0,0,0,0,0,0,0,0,0,0,0,0,0,0,0,0,0,0,0,0,0,0,0,0,0,0,0,0,0,0,0,0,0,0,0,0,0,0,0,0,0,0,0,0,0,0,0,0,0,0,0,0,0,0,0,0,0,0,0,0,0,0,0,0,0,0,0,0,0,0,0,0,0,0,0,0,0,4,0,0,0,0,0,0,0,0,0,0,0
2/23/2020,0,0,0,0,0,0,0,0,0,0,0,0,0,0,0,0,0,0,0,0,0,0,0,0,0,0,0,0,0,0,0,0,0,0,0,0,511,0,0,0,0,0,0,0,0,0,0,0,57,0,0,0,0,0,0,0,0,0,0,0,0,0,0,0,0,0,0,0,0,0,0,0,0,0,0,0,0,0,0,0,0,18,0,0,0,95,0,25,0,0,0,175,0,0,0,0,0,0,0,0,0,0,0,0,0,0,0,0,0,0,0,0,0,0,0,0,0,0,0,0,0,0,0,0,0,0,0,0,0,0,0,0,0,0,0,0,0,0,0,0,0,0,0,0,0,0,0,0,0,0,0,18,0,0,0,0,0,0,0,0,0,0,0,0,2,0,0,4,0,0,0,0,0,0,0,0,0,0,0,0,0,0,0,0,0,0,0
2/24/2020,1,0,0,0,0,0,0,0,0,0,0,0,1,0,0,0,0,0,0,0,0,0,0,0,0,0,0,0,0,0,0,0,1,0,0,0,2197,0,0,0,0,0,0,0,0,0,0,0,0,0,0,0,0,0,0,0,0,0,0,0,0,0,0,0,0,0,0,0,0,0,0,0,0,0,0,0,0,0,0,0,0,22,1,0,0,77,0,12,0,0,0,233,0,1,0,0,0,0,0,0,0,0,0,0,0,3,0,0,0,0,0,0,0,0,0,0,0,0,0,0,0,0,0,0,0,0,0,0,2,0,0,0,0,0,0,0,0,0,0,0,0,0,0,0,0,0,0,0,0,0,0,0,0,0,0,0,0,0,0,0,0,0,0,0,5,0,0,0,0,0,0,0,0,0,0,0,4,0,36,0,0,0,0,0,0,0,0
2/25/2020,0,0,1,0,0,0,0,0,0,2,0,0,22,0,0,0,0,0,0,0,0,0,0,0,0,0,0,0,0,0,0,0,1,0,0,0,3244,0,0,0,0,0,0,1,0,0,0,0,0,0,0,0,0,0,0,0,0,0,0,0,0,0,9,0,0,0,1,0,0,0,0,0,0,0,0,0,0,0,0,0,0,38,0,0,0,96,0,11,0,0,0,150,0,10,0,0,0,0,0,0,0,0,0,0,0,0,0,0,0,0,0,0,0,0,0,0,0,0,0,0,0,0,0,0,0,0,0,0,0,0,0,0,0,0,0,0,0,0,0,0,0,0,0,0,0,0,0,0,0,0,0,4,0,0,0,0,0,4,0,0,0,0,1,0,1,0,0,3,0,0,0,0,0,0,0,0,0,0,1,0,0,2,0,0,0,0,0
2/26/2020,0,0,0,0,0,0,0,0,0,0,0,0,10,0,0,0,0,0,0,0,0,0,0,1,0,0,0,0,0,0,0,0,0,0,0,0,2872,0,0,0,0,0,0,2,0,0,0,0,25,0,0,0,0,0,0,0,0,0,0,0,0,1,5,0,0,1,11,0,1,0,0,0,0,0,0,0,0,0,0,0,0,96,4,0,1,135,0,20,0,0,0,286,0,15,0,0,0,1,0,0,0,0,0,0,0,0,0,0,0,0,0,0,0,0,0,0,0,0,0,0,0,0,0,0,0,0,1,1,2,2,0,0,0,0,0,0,0,0,1,0,0,0,0,0,0,0,0,0,0,0,0,11,0,0,0,0,0,7,0,0,0,1,0,0,1,0,0,3,0,0,0,0,0,0,0,0,0,0,6,0,0,0,0,0,0,0,0
2/27/2020,0,0,0,0,0,0,0,0,0,1,0,0,0,0,0,0,0,0,0,0,0,0,0,0,0,0,0,0,0,0,0,0,5,0,0,0,3309,0,0,0,0,0,0,0,0,0,0,1,0,0,0,0,0,0,0,0,0,1,0,0,0,0,20,0,0,0,20,0,2,0,0,0,0,0,0,0,0,0,0,0,0,113,2,0,2,249,0,27,0,0,0,506,0,17,0,0,0,0,0,0,0,0,0,0,0,1,0,0,0,0,0,0,0,0,0,0,0,0,0,0,0,1,0,0,0,0,0,0,0,0,0,0,0,0,0,0,0,0,0,0,0,0,0,0,1,0,0,0,0,0,0,0,0,0,0,0,0,2,0,0,0,5,7,0,0,0,0,0,0,0,0,0,0,0,0,0,2,0,1,0,0,0,0,0,0,0,0
2/28/2020,0,0,0,0,0,0,0,0,0,0,0,0,3,0,0,1,0,0,0,0,0,0,0,0,0,0,0,0,0,0,0,0,1,0,0,0,3771,0,0,0,0,0,0,2,0,0,0,0,2,0,0,0,0,1,0,0,0,0,0,0,0,0,19,0,0,0,2,0,1,0,0,0,0,0,0,0,0,0,1,0,0,175,0,0,1,238,0,14,0,0,0,571,0,2,0,0,0,0,0,0,0,1,0,0,0,0,0,0,0,0,0,1,0,0,0,0,0,0,0,0,0,0,1,0,0,1,0,5,0,0,0,0,0,0,0,0,0,0,2,0,0,0,0,0,0,0,0,0,0,0,0,0,0,0,0,0,0,17,0,0,0,0,0,0,3,0,0,7,0,0,0,0,0,0,0,7,5,0,3,0,0,0,0,0,0,0,0
2/29/2020,0,0,0,0,0,0,0,0,10,6,0,0,5,0,0,0,0,0,0,0,0,0,0,1,0,0,0,0,0,0,0,0,6,0,0,0,3466,0,0,0,0,0,0,1,0,0,0,2,0,0,0,0,0,0,0,0,0,0,0,0,0,1,44,0,0,0,31,0,0,0,0,0,0,0,0,0,0,0,0,0,0,264,6,1,3,248,0,24,0,0,0,821,0,0,0,0,0,2,0,0,0,0,1,0,0,2,0,0,0,0,0,3,0,1,0,0,0,0,0,0,0,5,0,0,0,0,0,9,3,2,0,0,0,0,0,0,0,1,0,0,0,0,0,0,0,0,0,0,0,0,0,19,0,0,0,0,0,13,0,0,0,5,10,0,8,0,0,1,0,0,0,0,0,0,0,2,3,0,9,0,0,0,0,0,0,0,0
3/1/2020,0,0,0,0,0,0,0,1,3,5,3,0,6,0,0,0,1,0,0,0,0,0,0,0,0,0,0,0,0,0,0,0,4,0,0,0,3453,0,0,0,0,0,0,1,0,0,3,1,0,0,0,1,6,1,0,0,0,0,0,0,0,3,30,0,0,2,51,0,3,0,0,0,0,0,0,0,0,0,2,0,0,448,6,0,3,608,0,16,0,0,0,590,0,0,0,0,0,6,0,0,0,0,0,0,0,4,0,0,0,0,0,1,0,0,0,0,0,0,0,0,0,4,0,0,0,0,0,4,0,0,0,0,0,0,0,0,0,2,0,0,0,0,0,0,0,0,0,0,0,0,0,4,0,0,0,0,0,39,0,0,0,2,9,0,1,0,0,1,0,0,0,0,0,0,0,0,13,0,6,0,0,0,0,0,0,0,0
3/2/2020,0,0,2,1,0,0,0,0,3,4,0,0,2,0,0,0,6,0,0,0,0,0,0,0,0,0,0,0,0,0,0,0,3,0,0,0,2938,0,0,0,0,0,0,0,0,0,0,0,0,0,0,0,0,0,0,0,0,0,0,0,0,0,62,0,0,0,29,0,0,0,0,0,0,0,0,0,0,0,3,2,2,651,7,0,0,426,0,18,0,0,0,610,0,11,0,0,1,3,0,0,0,0,0,0,0,0,0,0,0,0,0,0,0,0,0,0,1,0,0,0,0,8,0,0,0,0,0,6,0,0,0,0,0,0,0,0,2,0,0,1,0,0,0,0,7,0,1,1,0,0,0,8,0,0,0,0,0,36,0,0,0,1,15,0,4,0,0,4,0,0,0,0,0,0,0,0,4,0,29,0,0,0,0,0,0,0,0
3/3/2020,0,0,2,0,0,0,1,0,9,3,0,0,0,0,0,0,5,0,0,0,0,0,0,0,0,0,0,0,0,0,0,0,3,0,0,1,2754,0,0,0,0,0,0,2,0,0,2,2,1,0,0,0,1,0,0,0,0,1,0,0,0,0,14,0,0,0,37,0,0,0,0,0,0,0,0,0,0,0,5,0,0,846,6,1,2,504,0,30,1,0,0,851,0,0,0,0,0,0,0,0,0,0,0,0,0,11,0,0,0,0,0,1,0,0,0,0,0,0,0,0,0,6,0,0,0,0,0,7,7,1,0,0,0,0,0,0,0,4,0,0,0,0,0,0,3,0,0,1,0,0,0,2,0,0,0,0,0,46,0,0,0,6,16,0,1,0,0,0,0,0,0,0,0,0,1,6,11,0,21,0,0,0,0,0,0,0,0
3/4/2020,0,0,7,0,0,0,0,0,14,8,0,0,3,0,0,5,10,0,0,0,0,0,0,2,0,0,0,0,0,0,0,0,3,0,0,0,2712,0,0,0,0,0,0,1,0,0,3,5,0,0,0,0,3,0,0,0,0,0,0,0,0,0,84,0,0,0,66,0,2,0,0,0,0,0,0,0,0,2,15,23,0,862,5,4,3,731,0,38,0,0,0,453,0,0,0,0,0,1,0,0,1,0,0,0,0,14,0,0,0,0,0,0,0,0,0,0,0,0,0,0,0,14,2,0,0,0,0,24,3,0,0,0,0,0,0,1,3,1,2,0,0,0,0,0,6,0,0,2,0,0,0,0,0,0,0,0,0,58,0,0,0,14,35,0,0,0,0,0,0,0,0,1,0,0,0,0,35,0,35,0,0,0,0,0,0,0,0
3/5/2020,0,0,0,0,0,0,0,0,13,12,3,0,3,0,0,0,27,0,0,0,0,2,0,0,0,0,0,0,0,0,0,0,4,0,0,3,2474,0,0,0,0,0,0,0,0,0,4,0,0,0,0,0,3,1,0,0,0,1,0,0,0,6,94,0,0,1,220,0,22,0,0,0,0,0,0,0,0,0,8,2,0,793,0,0,5,948,0,29,0,0,0,467,0,2,0,0,0,3,0,0,0,0,0,0,0,0,0,0,0,0,0,0,0,0,0,0,1,0,0,0,0,44,0,0,0,0,0,31,1,0,0,0,0,0,0,0,3,0,2,1,0,0,0,0,5,0,4,0,0,0,0,7,0,2,0,1,0,38,0,0,0,59,25,0,2,0,0,4,0,0,0,0,0,0,0,2,30,0,69,0,0,0,4,0,0,0,0
3/6/2020,0,0,5,0,0,0,1,0,5,14,0,0,9,0,0,0,59,0,0,1,0,0,0,9,0,0,0,0,0,0,0,1,12,0,0,0,1834,1,0,0,0,1,0,1,0,0,6,14,30,0,0,1,0,12,0,0,0,7,0,0,0,3,279,0,0,0,189,0,14,0,0,0,0,0,0,1,0,0,9,1,2,1425,6,12,18,936,0,63,0,0,0,606,0,0,0,0,0,6,0,0,0,0,1,0,0,33,0,0,0,0,0,1,0,0,0,0,0,0,0,0,0,47,1,0,0,0,2,21,0,1,0,0,0,1,2,4,5,0,3,9,0,0,0,0,0,0,0,0,1,0,0,13,1,5,0,0,0,143,0,0,0,7,100,0,1,0,0,1,0,1,0,0,0,0,0,0,49,0,47,0,0,0,3,0,0,0,0
3/7/2020,0,0,0,0,0,0,6,0,3,24,3,0,25,0,0,0,60,0,0,0,0,1,0,0,0,0,0,0,0,0,0,0,7,0,0,0,1703,0,0,0,0,0,0,1,0,0,1,0,0,0,0,0,0,0,0,0,0,0,0,0,0,0,305,0,0,0,130,0,1,0,0,0,0,0,0,0,0,2,7,3,0,1853,15,0,6,1349,0,71,0,0,0,450,0,3,0,0,0,0,0,0,0,0,0,0,0,11,0,0,3,0,0,0,0,0,0,0,0,0,0,0,0,60,1,0,0,0,0,39,0,0,0,0,0,0,1,0,7,0,2,0,0,0,0,0,2,0,0,0,0,0,0,8,0,0,0,0,0,133,0,0,0,60,54,0,0,0,0,2,0,0,0,0,0,0,0,18,54,0,143,0,0,2,9,0,0,0,0
3/8/2020,3,0,2,0,0,0,5,0,14,25,0,0,0,3,0,0,31,0,0,0,0,0,0,7,0,4,0,0,0,0,1,1,10,0,0,4,1930,0,0,0,0,4,0,0,0,0,12,13,0,0,0,3,1,35,0,0,0,0,0,0,0,8,185,0,0,9,241,0,27,0,0,0,0,0,0,0,0,3,0,5,2,1257,8,1,18,1658,0,41,0,0,0,262,0,4,0,0,1,10,0,0,0,0,1,0,0,7,4,0,0,0,0,1,1,0,0,0,0,0,0,0,0,79,0,0,0,0,0,29,0,1,0,0,1,5,4,6,10,7,6,5,0,0,0,0,13,0,6,1,0,0,0,12,2,9,0,2,0,180,0,0,0,42,70,0,1,0,0,0,0,0,0,1,0,0,0,0,67,0,120,0,0,12,0,0,0,0,0
3/9/2020,0,2,1,0,0,0,0,0,15,29,0,0,20,0,0,1,39,0,0,0,0,0,0,5,1,0,0,0,0,0,0,0,14,0,0,0,1476,0,0,0,0,4,0,0,0,2,0,55,0,0,0,0,1,6,0,0,0,0,0,0,0,7,83,0,0,2,138,0,0,0,0,0,0,0,0,0,0,2,8,4,13,898,3,2,0,1996,0,13,0,0,0,167,0,0,0,0,4,0,0,0,0,0,0,0,0,18,0,0,0,0,0,0,0,0,0,0,0,0,0,0,0,56,0,0,0,1,0,30,0,0,0,0,0,1,10,5,0,3,0,0,0,0,0,0,0,0,4,0,0,0,0,0,0,0,0,0,0,413,0,0,0,46,37,0,2,0,0,0,0,0,0,0,0,0,0,0,49,0,66,0,0,0,3,0,0,0,0
3/10/2020,1,8,0,0,0,0,5,0,16,53,2,0,23,0,0,5,28,0,0,0,0,2,0,6,0,0,1,0,0,0,0,0,2,0,0,5,1420,2,0,0,0,0,0,2,0,1,10,172,0,0,0,0,0,4,0,0,0,2,0,0,0,10,589,0,0,0,281,0,16,0,0,0,0,0,0,0,0,0,12,14,10,1272,12,13,16,1145,0,95,0,0,0,165,0,5,0,0,3,10,0,0,0,0,2,0,0,12,2,0,2,0,0,3,2,0,1,0,2,0,0,0,0,62,0,0,0,0,4,195,9,10,1,0,0,4,14,6,11,6,10,3,0,0,0,0,16,0,6,0,4,0,0,10,4,15,0,4,0,629,0,0,0,107,118,0,4,0,0,5,0,0,0,3,0,0,0,34,67,0,383,0,0,1,7,0,0,0,0
3/11/2020,2,3,0,0,0,0,2,0,21,64,3,0,98,0,0,0,50,0,0,0,2,2,0,7,10,4,1,0,0,0,1,0,29,0,0,10,1519,6,0,0,1,4,1,5,0,3,50,180,286,0,0,0,2,27,0,0,0,4,0,0,0,19,514,0,0,9,459,0,11,0,0,0,0,0,0,0,2,4,16,7,8,1249,12,10,4,2830,1,80,0,0,0,289,0,4,0,0,2,22,0,0,0,2,2,0,0,22,2,0,1,0,0,1,0,0,0,0,2,0,0,0,0,122,0,0,0,0,0,198,0,4,8,0,4,0,16,9,18,238,23,0,0,0,0,0,11,0,1,0,7,0,0,36,3,26,0,6,0,752,1,0,0,146,163,0,1,0,0,7,0,0,0,2,1,0,0,5,75,0,330,0,0,7,4,0,0,0,0
3/12/2020,0,11,13,1,0,0,0,3,0,57,0,0,0,0,0,3,0,0,0,0,0,4,0,14,0,0,0,0,0,0,0,0,9,0,0,0,1279,0,0,0,0,9,0,0,3,0,3,173,0,0,0,0,0,7,0,0,0,0,0,0,0,0,0,0,0,0,170,0,0,0,0,0,0,2,0,0,0,0,18,11,0,1150,1,0,21,0,1,1,0,0,0,165,0,11,0,0,0,0,0,0,0,0,12,0,0,0,0,0,0,0,0,4,0,1,0,0,1,0,0,0,0,0,0,0,0,0,0,104,0,1,3,0,0,4,4,19,0,0,4,8,0,0,0,0,8,0,24,0,7,0,0,0,6,32,0,4,0,1,0,0,0,99,0,0,4,0,0,11,0,0,0,0,0,0,0,11,2,0,391,0,0,1,0,0,0,0,0
3/13/2020,0,10,3,-1,0,1,13,4,74,204,5,0,9,0,0,15,245,0,0,0,1,2,0,99,26,16,0,0,0,0,2,0,76,0,0,20,1316,4,0,0,1,1,0,14,1,8,47,187,0,0,0,0,0,14,0,0,0,63,0,1,0,96,1419,0,0,1,1622,0,91,0,0,1,0,0,0,0,0,6,31,10,38,1374,40,47,26,6031,6,65,1,4,1,287,0,0,0,0,7,16,0,0,0,3,15,0,0,48,1,0,7,0,0,14,3,0,0,0,2,0,0,0,0,308,0,0,0,0,8,294,1,8,16,0,1,13,15,20,54,58,41,17,0,0,0,0,13,0,41,6,16,0,0,23,16,52,0,7,0,3043,4,2,0,215,494,0,1,0,0,6,0,0,0,9,4,0,3,0,344,4,524,0,0,8,1,0,0,0,0
3/14/2020,4,5,16,1,0,0,4,10,50,151,0,0,15,0,0,0,131,0,0,0,7,5,0,0,3,19,0,0,0,0,2,0,5,0,0,18,1509,9,0,0,0,3,0,6,0,12,48,33,0,0,0,6,13,29,0,0,0,36,1,0,0,70,827,1,0,5,912,3,48,0,1,0,0,0,0,0,0,12,22,20,34,1462,12,40,29,4199,0,75,0,2,0,113,0,24,0,0,9,16,0,0,3,2,18,0,0,50,1,0,6,1,0,15,6,0,0,0,10,0,0,2,0,160,1,0,0,0,0,97,0,3,9,0,0,10,50,36,58,21,36,19,1,0,1,1,4,0,17,0,11,2,0,20,12,41,0,14,0,1545,4,0,1,148,222,0,3,0,0,7,0,0,2,2,0,0,0,0,360,2,557,0,2,6,4,0,0,0,0
3/15/2020,5,4,12,0,0,0,11,8,47,205,11,0,20,2,0,0,197,0,0,0,0,6,0,11,10,10,1,0,0,0,0,0,54,1,0,13,1393,12,0,1,0,1,0,11,0,0,64,40,0,0,0,0,0,-5,0,1,0,57,0,0,0,28,36,0,0,3,1212,3,104,0,0,0,0,3,0,0,1,3,27,20,21,2953,6,0,58,4327,2,66,7,3,2,79,0,8,0,0,4,17,0,0,0,5,8,0,0,197,3,0,3,0,0,12,11,0,0,0,11,0,0,0,0,184,2,0,0,0,0,131,3,22,7,0,0,5,32,16,76,64,8,4,0,0,1,0,21,0,0,14,2,0,0,14,10,38,0,13,0,1501,8,0,0,62,842,0,6,0,0,32,0,0,0,0,1,0,0,19,16,2,787,1,8,3,3,0,0,0,0
3/16/2020,6,9,6,1,0,0,11,26,80,160,5,1,18,5,0,9,173,0,1,0,1,1,0,39,4,1,12,0,0,0,0,2,167,0,0,81,937,20,0,0,0,8,0,9,0,7,48,59,0,0,0,0,9,46,0,0,0,34,0,4,0,33,2209,0,0,1,1504,0,0,0,2,0,0,0,0,0,3,7,-4,6,17,1182,8,40,5,3996,2,31,9,1,0,701,0,15,0,0,4,0,1,0,0,5,18,0,0,138,0,0,10,0,0,29,0,5,0,0,1,0,0,0,0,282,0,0,0,0,4,112,0,83,12,0,2,43,3,72,87,38,27,27,4,0,0,0,10,0,16,1,8,1,0,21,9,34,1,11,0,2210,10,0,0,84,0,0,8,0,1,33,0,0,2,2,12,0,4,0,431,21,1164,5,7,5,0,0,0,0,0
3/17/2020,1,4,6,37,0,0,14,27,77,309,0,0,18,3,2,0,190,0,0,0,0,3,0,123,2,15,0,0,0,0,26,6,64,0,0,46,926,12,0,0,1,6,5,10,1,13,98,93,0,0,0,11,21,53,0,0,0,20,0,0,0,44,1032,0,1,1,1992,1,57,0,4,0,0,3,0,0,2,12,41,25,38,2112,37,59,39,4063,2,41,17,23,0,360,0,7,0,0,15,12,0,0,3,8,63,0,0,116,0,0,8,0,0,11,8,0,4,2,10,0,0,0,0,314,4,0,0,1,8,130,2,100,14,0,1,32,48,62,118,0,33,24,2,0,0,0,0,0,57,2,10,1,0,28,9,22,0,0,0,2495,16,0,0,88,513,0,12,0,0,36,0,0,1,4,30,0,8,0,457,21,1823,4,16,5,1,0,0,0,0
3/18/2020,0,5,17,0,0,0,11,6,117,323,0,0,35,5,0,17,277,0,1,0,1,12,0,53,12,25,6,0,0,0,2,0,182,0,0,37,1012,28,0,0,1,9,1,16,3,3,68,91,6,1,0,0,53,2,0,3,0,33,0,1,0,15,1409,0,0,4,3112,0,31,0,0,0,0,0,0,0,1,8,35,14,72,1339,22,69,54,5766,1,11,18,2,0,229,0,18,3,0,22,13,1,0,21,2,64,0,0,128,0,0,0,0,3,25,1,0,1,0,11,0,0,0,0,362,8,0,0,6,9,90,18,63,17,0,2,28,22,13,1,13,79,33,1,0,0,0,14,0,0,5,18,0,0,47,34,0,0,54,0,2305,7,1,0,92,340,0,23,0,2,36,0,0,2,5,51,0,0,18,730,29,1481,5,3,9,2,0,0,2,0
3/19/2020,0,5,35,14,0,0,19,31,116,369,16,2,34,3,3,0,316,0,0,0,0,25,0,252,7,3,13,0,0,0,2,3,144,0,1,0,842,9,0,2,10,20,3,26,4,18,230,111,0,0,0,14,89,60,1,2,0,9,0,0,1,64,1941,0,0,2,3017,4,1,0,3,0,0,0,0,0,3,15,80,40,90,1516,29,266,123,6164,3,41,17,9,4,159,0,9,0,0,15,26,0,0,0,9,134,0,0,125,0,0,15,1,0,47,19,0,0,1,14,0,0,1,0,428,8,1,0,0,13,197,9,168,23,0,0,89,16,92,338,8,23,54,0,0,0,0,0,0,103,0,20,2,0,32,18,11,0,34,0,4286,11,0,0,176,1060,0,12,0,3,60,0,0,2,11,96,0,2,32,117,15,6074,8,6,10,3,0,0,0,0
3/20/2020,2,6,5,22,1,0,31,21,111,375,0,0,7,3,0,18,448,0,0,1,3,26,0,177,4,33,7,0,0,1,14,7,146,2,0,202,829,26,0,0,4,20,0,23,5,0,140,115,0,0,0,38,170,38,0,0,0,16,0,3,0,50,1995,3,0,3,4618,5,88,0,3,0,0,0,2,0,12,14,78,56,69,2421,26,126,105,6613,1,84,16,8,0,90,0,11,3,0,25,6,0,0,0,13,149,3,0,143,0,0,11,0,9,40,17,4,0,11,15,0,0,0,0,566,11,0,1,4,19,168,0,48,28,1,2,3,14,70,240,16,31,54,9,0,0,0,28,0,72,7,33,1,0,50,14,55,0,52,0,3141,13,0,3,205,1232,0,28,0,0,50,0,9,0,15,168,0,14,2,1334,16,5643,10,0,6,20,0,0,0,1
3/21/2020,0,8,53,13,1,0,31,24,280,428,14,1,45,6,1,17,850,0,0,0,4,5,0,232,6,39,30,0,0,2,2,7,342,0,0,103,652,68,0,0,6,31,5,78,5,17,164,87,1,0,0,40,144,13,2,0,1,23,0,0,0,74,1817,1,0,6,2435,4,42,0,5,1,0,0,0,0,0,24,82,88,87,1979,8,102,206,8982,0,87,0,1,0,155,0,26,8,0,13,24,1,0,9,35,190,0,0,181,0,0,9,0,3,48,14,0,4,0,21,0,0,0,0,667,13,1,0,10,18,204,4,229,63,0,6,86,83,111,266,28,86,56,0,0,0,0,6,0,56,12,36,0,0,65,41,42,0,38,0,5833,2,0,0,128,1302,0,20,0,0,89,0,7,41,6,316,1,19,20,1109,25,6449,10,28,4,1,0,0,0,2
3/22/2020,17,13,97,26,0,0,108,35,540,776,11,0,54,2,8,0,594,0,0,0,5,33,0,535,5,24,13,0,0,0,31,13,194,0,0,98,650,39,0,0,7,17,0,48,14,15,126,94,0,0,1,91,290,52,0,0,0,21,3,6,1,103,4087,1,0,7,2703,4,96,1,2,0,0,12,0,0,2,39,109,73,88,1453,28,122,172,7163,3,103,27,7,8,1540,0,12,0,0,15,65,0,0,0,60,134,0,0,154,0,0,17,0,15,66,14,13,0,7,20,1,0,0,0,620,50,0,1,9,31,267,8,40,115,0,4,45,83,100,322,19,81,65,2,0,0,0,31,0,119,20,52,0,0,27,13,32,0,34,0,4241,7,0,1,172,1038,1,16,0,6,190,1,0,1,18,587,0,26,0,713,23,7822,0,15,19,4,0,0,1,0
3/23/2020,0,17,29,20,1,2,35,41,133,897,7,0,43,7,3,5,355,1,3,0,3,10,0,387,3,14,24,0,0,0,3,16,623,0,0,115,515,47,0,1,6,24,11,61,5,21,116,69,0,2,1,43,196,44,0,3,0,26,0,0,1,74,4066,0,2,7,4212,5,73,0,1,2,0,1,4,0,4,37,20,106,66,1538,36,221,188,5390,0,28,15,2,1,0,0,1,2,0,41,19,0,0,14,36,77,9,0,216,0,0,17,0,8,52,15,0,0,7,28,0,0,1,1,581,0,0,1,11,22,239,11,100,35,0,0,32,90,116,469,7,147,71,17,0,1,0,12,0,51,12,28,0,0,54,1,29,0,128,0,6907,15,0,0,116,1343,0,26,0,0,122,0,2,1,14,300,8,0,45,1055,4,10767,3,7,10,7,0,0,0,1
3/24/2020,34,28,-5,31,0,0,137,26,390,816,15,2,44,9,1,7,758,0,1,0,2,32,0,335,13,17,17,0,0,1,7,10,803,0,2,185,566,104,0,0,10,19,49,67,9,10,164,189,2,0,0,73,110,61,2,0,0,22,0,-3,1,92,3783,1,1,15,6941,26,61,0,1,0,0,-15,1,3,0,27,76,50,114,2866,72,205,185,7294,2,116,27,10,9,683,0,14,26,2,17,51,0,1,0,31,224,5,0,152,5,0,3,0,6,39,17,0,0,20,31,2,0,5,0,880,65,0,0,4,12,249,18,111,1,0,6,23,95,154,329,33,237,63,4,0,0,0,1,0,218,10,68,0,0,61,18,39,0,156,0,6465,4,1,2,251,1084,0,21,0,0,117,0,2,5,26,350,0,24,57,1660,27,10285,4,7,11,0,0,0,0,0
3/25/2020,12,30,81,24,0,0,2,18,324,307,7,0,28,3,0,12,810,1,0,0,3,10,0,320,5,25,35,0,0,1,11,12,538,0,0,226,567,95,0,0,3,24,8,77,9,8,263,151,262,8,5,84,92,70,4,0,3,37,0,0,1,90,3866,0,0,6,4690,42,87,0,7,0,2,0,1,0,6,40,94,126,108,3061,60,237,1138,6929,5,141,18,9,4,329,0,8,2,1,24,29,0,0,0,67,234,2,0,192,3,2,19,0,6,71,24,8,0,5,57,2,0,0,1,939,60,0,5,7,30,223,15,95,100,0,11,66,93,160,643,11,125,172,1,2,0,0,21,0,135,14,82,0,0,77,12,59,0,163,0,12042,1,0,1,266,1051,4,20,0,0,125,0,3,4,61,602,5,50,92,1662,28,12363,10,7,7,0,0,0,9,0
3/26/2020,12,29,33,38,1,4,127,28,504,1443,35,4,66,9,0,0,1468,0,0,0,11,15,0,453,8,26,9,0,0,0,0,0,800,0,0,165,535,23,0,0,4,30,16,55,11,15,274,177,10,0,4,96,236,49,4,3,2,134,2,0,0,80,5364,1,0,5,8802,40,75,6,1,0,0,0,0,0,17,42,91,80,127,3378,45,265,337,7914,0,131,40,33,4,523,72,19,0,3,23,38,0,0,5,25,121,4,0,254,0,2,5,1,33,112,28,2,1,17,56,2,0,1,0,1110,83,0,3,14,26,285,16,139,116,0,4,113,80,172,587,14,137,191,9,0,0,0,0,0,117,6,-18,0,0,64,5,35,1,218,0,10637,8,0,0,329,952,0,17,0,1,129,0,0,5,25,1212,0,51,0,2366,21,18788,15,16,15,26,0,0,4,0
3/27/2020,16,28,43,43,0,0,100,49,355,870,43,1,31,4,6,11,1301,0,0,1,18,50,0,447,7,30,32,8,0,1,4,17,728,0,0,326,659,50,0,0,2,33,5,106,16,29,355,195,0,1,0,103,194,61,0,0,0,40,3,4,0,85,4902,0,0,7,7993,6,92,0,3,4,0,0,0,0,16,45,103,188,173,3746,97,305,357,7417,0,96,41,40,0,483,16,25,14,0,36,29,0,0,0,60,192,3,0,177,4,7,5,0,13,136,23,9,0,13,85,0,0,0,1,1291,95,1,0,6,18,391,22,176,117,0,12,59,108,168,740,13,287,204,4,0,1,0,15,0,94,16,73,0,0,60,43,73,1,263,0,11048,0,0,0,257,2556,0,15,0,1,101,0,3,3,30,2102,9,118,72,3218,36,18548,19,17,10,7,0,0,6,2
3/28/2020,0,13,50,41,1,0,106,80,548,624,18,0,48,4,2,0,2119,0,0,0,13,22,0,506,20,44,38,0,0,0,2,0,1111,0,0,318,485,69,0,0,17,32,0,81,40,17,354,179,0,2,0,146,240,51,6,0,0,79,0,1,0,128,5040,0,0,7,8738,5,99,0,12,0,0,3,0,2,30,44,90,115,137,3761,59,308,594,8297,4,260,11,91,7,434,5,17,0,2,25,24,0,2,0,38,229,0,0,221,0,7,10,2,8,135,32,0,1,2,59,1,2,0,1,1265,96,2,0,19,23,265,21,129,117,0,4,41,290,251,926,31,195,232,6,0,0,1,4,0,102,18,211,1,0,85,23,52,0,17,0,11288,10,2,0,378,1181,0,17,0,1,110,0,0,9,53,1748,7,50,63,2861,30,20477,17,21,12,8,0,0,6,2
3/29/2020,10,17,59,29,4,0,56,19,346,789,27,1,30,0,7,0,2076,0,0,1,8,69,0,377,15,19,18,2,0,1,12,55,707,0,0,245,610,98,0,15,0,19,66,64,20,35,191,221,6,4,0,151,111,48,5,0,6,36,0,5,0,75,4399,0,1,5,5230,11,101,2,0,8,0,0,8,0,17,67,78,51,147,3736,53,210,674,6619,2,195,15,60,4,335,3,23,26,0,42,28,0,5,0,66,122,13,0,226,5,1,2,2,6,149,32,5,0,1,80,0,0,3,0,1490,70,0,8,22,20,271,15,104,120,0,3,183,353,228,811,47,436,289,10,0,6,0,0,0,129,21,85,0,0,57,22,48,0,94,0,10120,6,1,0,258,854,5,15,0,0,144,0,0,4,34,1873,3,121,109,2683,6,21726,42,0,18,11,0,0,1,0
3/30/2020,50,23,83,47,0,0,235,58,391,1009,75,3,23,5,0,58,1313,1,0,0,19,58,3,460,5,16,32,4,0,0,4,0,1134,0,2,392,421,103,0,0,18,17,5,92,32,25,205,196,0,0,0,46,40,66,6,0,0,36,0,5,0,114,5619,0,0,14,9191,0,61,0,2,6,6,0,0,0,33,41,88,239,148,4823,96,303,478,6452,4,0,19,19,8,279,0,16,13,0,29,14,0,0,6,37,39,4,0,249,0,8,5,1,21,140,48,3,2,6,86,0,0,0,0,980,82,0,11,26,36,173,18,174,95,0,5,141,135,202,467,62,319,305,0,5,0,0,16,0,203,20,47,0,0,51,27,26,0,47,0,10830,10,1,0,364,1380,2,20,0,5,270,0,5,4,1,1704,0,78,46,3067,11,24673,5,17,45,7,0,0,6,0
3/31/2020,7,32,150,10,1,0,250,50,300,1041,26,0,68,8,1,16,1237,0,4,0,12,55,2,1187,9,40,18,2,2,0,4,54,2276,0,2,293,365,128,0,0,17,17,12,77,22,34,335,301,0,12,1,218,344,66,3,1,3,37,0,1,0,70,9708,9,0,8,7653,38,108,0,4,0,0,5,0,0,2,49,90,170,134,3996,86,342,730,5999,0,89,10,45,9,309,23,24,13,1,22,27,0,3,6,47,231,14,0,204,1,3,13,1,17,122,60,4,0,19,73,0,0,0,0,1025,69,1,0,4,46,204,19,226,203,0,1,462,555,258,1055,100,164,564,5,1,4,0,7,0,162,26,115,2,1,59,23,50,3,29,0,11194,23,2,1,441,757,0,16,0,1,241,0,13,5,84,2831,11,103,54,3419,59,28896,23,0,12,3,0,0,0,1
4/1/2020,63,31,160,16,1,0,9,41,369,890,61,8,44,4,0,18,1748,0,4,0,10,41,0,1158,9,28,37,0,0,0,2,45,773,0,0,375,288,168,0,0,13,28,13,102,30,64,224,1159,1,3,0,185,530,97,0,3,0,42,0,3,0,28,7344,2,2,9,8809,34,102,0,1,8,1,7,1,0,34,40,112,649,192,3943,48,226,757,6627,10,274,10,40,24,263,17,35,4,1,48,17,3,-1,0,44,147,0,0,252,1,4,19,0,19,171,76,3,2,14,45,2,9,3,0,1171,70,0,49,40,32,227,18,199,0,0,4,266,236,293,835,63,257,516,7,0,0,0,0,0,262,21,172,0,1,79,38,39,0,46,0,12506,8,1,1,658,2362,0,7,0,1,285,0,3,5,33,2301,0,155,152,5055,34,27654,14,10,11,15,0,0,1,0
4/2/2020,43,28,167,39,0,2,95,97,356,743,41,3,118,2,12,143,1930,0,0,2,9,78,0,1292,6,40,10,5,1,0,10,74,2165,0,1,476,237,114,0,7,29,23,10,64,22,37,361,503,16,7,0,106,449,114,10,0,7,97,0,1,2,364,4659,3,0,20,10849,9,141,1,8,22,0,2,0,1,51,63,160,602,135,4237,66,415,872,6859,3,322,30,56,32,354,0,26,7,0,42,20,0,2,7,69,169,2,3,335,0,5,8,0,9,145,83,5,0,21,61,0,0,1,1,1258,98,0,24,21,30,309,44,341,138,0,9,251,334,415,830,116,316,822,2,1,0,1,21,0,234,15,114,0,0,71,28,118,0,82,0,13004,6,1,0,690,2153,6,16,0,1,107,0,10,4,34,2617,1,111,245,4973,27,32327,37,7,27,27,0,0,4,1
4/3/2020,8,41,205,18,0,6,145,83,347,678,49,0,30,6,5,47,1931,1,4,1,10,54,0,1047,10,37,14,0,0,0,5,211,1633,5,0,429,278,112,0,0,0,25,28,73,38,41,247,504,0,17,0,116,230,143,5,1,0,107,0,6,0,98,7982,1,0,23,8668,1,96,2,3,23,6,4,2,0,4,44,70,25,229,4073,72,446,640,6831,0,165,24,34,13,284,1,76,16,0,6,19,1,0,0,47,546,11,0,280,0,3,6,0,17,786,91,5,0,31,113,0,0,0,0,1182,82,0,22,33,50,232,21,272,164,0,19,187,415,451,889,147,479,651,5,0,0,1,0,0,181,23,313,0,0,82,29,40,2,92,0,11754,11,2,1,715,1667,0,14,0,1,214,0,2,5,44,2924,3,183,253,5247,35,33776,22,18,14,36,0,0,2,0
4/4/2020,19,42,133,33,3,0,203,34,274,760,78,6,57,15,1,90,2176,0,0,0,8,52,0,1390,2,25,32,1,0,1,15,47,982,0,1,530,222,176,0,0,25,21,33,78,19,35,393,437,0,1,2,0,159,115,13,0,7,90,0,4,5,272,6789,0,0,16,6927,0,65,0,15,41,3,0,2,0,42,76,140,566,132,4519,93,368,451,6724,11,536,29,73,4,401,15,74,17,0,16,16,7,7,3,77,117,0,1,242,0,3,11,0,17,221,168,2,0,27,148,1,0,0,3,1074,106,0,27,4,58,183,30,138,205,0,10,540,89,312,665,266,489,643,13,0,1,4,22,0,213,19,153,0,2,91,21,54,0,80,0,11424,11,0,0,327,2543,2,7,0,0,152,0,1,5,58,3391,0,161,259,4556,22,39837,39,2,8,23,0,0,0,0
4/5/2020,55,33,91,41,4,0,2,66,198,779,65,0,20,22,11,124,1928,1,9,0,19,32,2,811,7,34,52,0,0,0,0,95,3254,0,0,407,323,85,0,26,0,22,30,65,34,22,141,360,0,10,0,272,189,116,6,0,0,63,0,7,0,48,3208,0,0,13,6471,9,67,0,0,10,0,1,2,0,14,65,101,519,202,2634,108,411,634,5660,6,0,58,60,16,225,17,83,3,1,24,8,5,0,0,42,80,4,0,273,0,6,17,0,31,268,116,7,0,13,123,0,0,2,0,1336,118,1,55,27,76,146,21,425,133,0,8,620,167,508,783,294,301,682,6,1,0,0,15,0,296,13,291,0,2,143,14,26,0,72,1,10033,16,2,0,415,644,3,8,0,2,224,0,6,2,25,3464,4,91,313,6619,18,32468,81,4,1,24,4,0,1,0
4/6/2020,25,29,124,32,2,0,152,17,438,727,69,6,83,38,5,144,1543,3,5,0,27,43,0,1109,9,22,38,1,0,1,3,8,1131,0,0,457,168,105,0,0,9,15,66,46,34,27,271,382,0,31,2,103,112,168,11,2,2,15,5,1,2,248,5843,3,0,17,3477,0,217,0,10,7,0,15,2,0,30,16,110,1373,257,6910,138,386,590,5257,0,584,21,82,18,185,0,113,96,1,24,21,1,2,55,35,44,10,1,368,0,10,14,0,17,327,112,5,1,19,114,0,0,0,0,1077,87,0,82,8,27,183,33,663,195,1,11,297,434,352,533,236,250,1007,1,0,0,0,0,4,270,14,299,1,0,90,48,49,0,32,0,8086,7,0,0,452,2248,0,17,0,2,54,0,17,2,22,3507,0,12,301,4472,28,33167,115,19,9,16,0,0,2,1
4/7/2020,59,22,88,29,1,5,95,45,103,948,77,6,56,46,4,162,1954,0,0,0,14,115,0,1995,3,32,40,0,0,0,6,26,1880,0,3,477,153,217,0,0,23,22,26,99,57,31,256,539,0,0,0,143,0,154,9,0,0,50,0,8,1,139,7332,6,0,16,11876,73,79,0,9,16,15,3,1,0,7,86,123,593,271,5025,121,381,537,5198,5,276,16,40,17,149,29,80,12,2,7,9,0,1,1,37,130,11,4,251,0,12,52,0,25,362,97,2,2,11,86,0,0,0,0,1031,119,0,26,26,32,234,46,443,114,0,5,712,129,486,790,246,435,1253,3,1,0,1,20,0,257,24,250,0,0,139,52,44,1,64,1,8742,12,2,0,601,1300,1,3,0,2,134,0,7,2,48,4224,0,150,303,4746,37,35283,63,0,32,25,0,0,2,2
4/8/2020,32,40,240,33,2,1,114,56,120,799,124,8,31,57,2,228,1938,1,0,0,17,52,0,2269,6,17,41,2,0,0,7,90,1664,0,0,652,250,301,0,0,0,25,42,74,62,37,367,488,0,61,0,179,794,148,20,2,2,42,5,3,0,185,6367,4,0,19,16185,30,54,0,10,20,0,5,2,3,7,112,104,718,255,4891,163,390,195,6477,3,382,17,34,9,143,21,118,42,1,29,28,18,8,0,32,66,9,0,324,0,9,18,0,16,429,123,2,1,7,98,7,0,0,0,1120,91,0,66,22,26,12,53,270,155,0,4,1434,123,418,746,181,435,1266,5,0,0,0,0,0,153,15,223,0,1,171,104,54,5,101,0,11838,7,0,3,822,2197,1,7,0,1,114,0,5,0,6,4468,1,220,353,6581,74,35408,26,4,5,4,0,0,0,1
4/9/2020,44,21,234,27,0,0,96,65,491,1052,143,2,106,113,6,485,2346,1,0,0,57,77,7,2099,1,31,42,3,0,0,1,0,2617,0,1,594,188,235,0,18,0,38,64,105,62,40,338,372,0,0,0,278,744,197,16,0,0,33,0,1,0,120,7611,10,0,8,11250,34,75,0,8,36,3,0,4,0,32,95,87,971,407,4248,74,528,787,6793,2,421,26,61,9,240,0,55,12,1,13,11,0,3,0,44,87,0,0,232,0,21,39,1,45,280,127,4,0,4,115,0,0,0,0,1375,64,1,80,20,49,132,76,335,283,0,8,1036,255,447,853,194,588,1590,0,0,0,4,63,0,393,16,202,0,0,341,26,44,0,89,1,9801,6,1,1,828,1624,0,7,0,0,108,0,4,2,16,4448,0,239,362,5516,31,37962,45,23,6,0,0,0,17,0
4/10/2020,37,24,174,32,0,0,200,29,431,1159,124,1,59,100,2,528,2584,2,9,0,5,72,0,1653,8,24,0,4,0,0,10,130,2152,0,0,834,171,284,0,0,41,31,0,101,72,36,215,240,0,27,5,297,2250,148,15,0,1,61,0,10,1,170,7141,0,0,19,5656,1,61,2,31,22,0,0,1,0,40,237,91,1047,275,5250,102,1539,621,6506,1,921,9,37,15,175,90,95,19,0,23,37,7,0,1,96,110,0,1,343,0,13,13,0,6,442,155,6,0,3,97,4,0,0,0,1472,101,0,29,24,54,108,27,362,227,0,6,803,153,421,1570,157,369,1901,8,1,1,0,12,0,386,29,243,0,1,231,14,47,9,390,1,9188,5,2,0,797,1054,0,27,0,9,124,2,4,0,28,5126,0,339,522,10115,29,39213,46,0,18,6,0,1,3,2
4/11/2020,37,32,138,0,2,2,66,55,104,809,109,4,131,64,1,252,2096,3,0,0,8,56,0,1156,5,37,53,11,2,1,4,0,2088,0,0,727,162,273,0,0,11,26,96,131,83,24,174,372,0,38,0,158,157,198,5,0,0,46,0,10,0,137,5229,2,5,14,6193,32,71,0,13,40,2,8,2,0,11,131,105,1085,355,8444,92,872,499,7392,2,552,16,70,4,159,39,171,50,2,18,11,11,0,0,28,55,9,4,352,0,0,21,0,6,415,142,2,0,9,125,0,0,0,0,1459,80,1,53,28,51,101,62,371,231,0,4,1133,276,485,583,236,573,1929,13,0,0,0,16,0,422,28,278,0,0,228,13,44,0,26,0,8720,8,2,0,483,1590,7,11,0,0,169,0,0,14,35,5775,4,330,550,6143,17,34350,144,13,1,13,0,0,3,1
4/12/2020,52,33,238,97,0,0,202,70,15,535,90,0,99,146,3,386,2360,1,0,0,29,119,0,1564,2,21,19,4,0,0,4,0,1577,0,7,488,199,132,0,0,11,25,69,118,66,22,222,371,0,27,3,269,317,302,9,3,0,11,2,2,0,76,28216,3,0,22,6132,158,38,0,20,0,0,0,1,0,2,117,60,913,518,3721,77,741,690,6200,4,752,32,104,8,160,0,89,48,1,23,14,2,2,0,70,15,13,1,269,2,20,36,0,19,1604,122,2,0,10,154,1,0,0,3,1273,67,5,73,20,68,125,54,490,271,0,5,742,310,406,643,280,429,2456,13,0,3,0,0,0,477,21,256,0,2,265,14,22,5,145,0,7689,14,0,0,344,978,0,13,0,0,119,0,4,5,25,5367,1,286,481,6022,-14,32379,122,6,4,4,2,0,5,0
4/13/2020,61,36,99,8,0,2,120,41,37,470,90,2,258,190,3,344,1489,4,0,0,33,41,0,1343,1,16,0,21,1,2,0,0,2083,6,5,622,164,128,0,0,2,23,57,79,89,30,128,268,0,89,0,225,181,130,13,1,0,30,1,7,0,93,4788,8,0,16,6390,0,32,0,1,69,0,0,7,0,4,60,54,1376,363,3817,105,1023,682,4943,10,659,16,181,27,107,0,75,55,0,4,2,11,1,0,14,14,1,3,303,0,23,6,0,0,460,67,0,1,2,136,0,0,0,2,1050,95,0,0,26,33,84,143,335,180,0,13,3132,347,321,380,311,410,2755,18,0,0,0,0,0,522,18,429,0,0,413,111,11,36,101,0,6151,7,14,2,485,1305,0,5,0,19,100,2,1,0,22,4702,3,343,573,4787,21,37584,152,25,5,2,0,0,2,3
4/14/2020,59,25,190,15,1,3,118,84,445,491,112,2,222,216,0,366,945,0,13,0,29,77,0,4909,0,41,50,1,0,1,14,62,1927,1,0,681,254,177,0,0,9,10,37,75,51,33,193,493,21,77,0,135,187,174,15,20,0,57,1,8,0,102,6520,0,0,29,5287,83,27,0,11,58,0,2,0,0,11,69,65,1247,388,3818,71,873,807,5269,0,310,26,208,9,119,113,82,15,1,2,10,0,9,0,13,13,4,0,377,2,32,9,0,9,580,254,0,14,51,139,7,0,0,2,994,103,0,58,39,102,25,92,627,111,0,13,760,364,417,616,236,403,3020,14,2,7,0,16,0,527,13,420,0,1,360,72,9,0,143,0,5519,21,4,0,611,284,4,15,0,4,152,2,3,1,21,5011,2,297,496,6342,21,33724,181,0,24,15,0,0,0,0
4/15/2020,75,23,117,57,0,0,212,77,26,584,109,0,161,230,4,450,2976,0,0,0,44,45,0,14242,1,59,65,11,0,45,5,38,2037,1,0,649,162,228,0,63,15,10,0,97,70,20,287,416,0,90,0,380,358,160,15,10,1,33,0,4,0,84,6808,26,0,8,8304,0,23,0,13,42,5,8,1,0,19,149,95,920,327,3410,62,1158,830,4207,55,512,19,102,22,112,0,80,26,0,37,22,0,13,0,59,94,8,0,255,2,4,6,0,14,652,158,8,0,14,149,1,0,0,0,933,120,0,14,64,79,128,98,629,114,0,4,1435,302,453,711,316,524,3708,7,0,0,0,1,0,541,22,413,0,2,488,70,46,23,98,0,9104,7,0,0,652,2165,4,2,0,40,124,2,7,3,34,5271,4,426,538,5529,14,35485,145,9,3,8,0,0,3,7
4/16/2020,72,51,195,0,0,1,167,110,191,1045,88,4,69,351,2,480,2108,0,0,0,52,83,2,2293,0,72,35,11,0,0,2,152,3583,0,7,907,137,239,0,0,16,23,48,108,71,32,373,488,5,158,0,155,440,188,8,0,0,51,2,7,1,1535,15100,0,0,47,7593,71,18,0,16,52,0,0,0,0,11,88,79,1487,509,3994,64,766,524,6383,18,606,10,145,10,167,78,138,30,1,22,6,0,3,0,79,97,5,0,230,3,23,51,0,16,487,177,0,1,15,282,2,0,1,1,1256,57,0,0,60,131,158,154,752,188,5,20,4048,302,470,890,401,651,3800,8,0,0,0,58,0,581,25,449,0,2,759,132,29,0,606,0,11855,5,0,0,912,938,0,31,0,6,128,10,12,1,44,6341,8,448,523,5702,23,35942,69,7,7,3,0,0,0,0
4/17/2020,111,27,229,47,0,0,141,87,1516,858,125,2,62,290,0,716,2034,0,0,0,38,93,0,3474,4,68,51,6,0,0,0,0,2949,0,0,778,798,299,0,27,23,21,81,95,86,15,322,577,1,144,0,428,243,230,19,28,0,39,0,4,0,127,4378,31,0,25,10113,0,20,6,22,51,0,9,2,0,23,133,96,1233,490,3423,99,753,541,6631,4,1207,11,214,12,95,37,169,46,0,38,5,21,0,0,54,66,6,4,272,3,0,19,0,27,638,153,9,0,1,318,3,0,0,14,1384,56,0,67,62,57,50,52,233,294,0,25,1445,295,571,235,609,530,4397,10,0,0,0,12,0,825,11,913,5,11,649,81,41,37,180,0,6578,15,2,0,743,892,5,11,0,54,125,0,5,0,42,6021,1,570,572,6579,14,38540,83,0,21,19,0,0,4,2
4/18/2020,40,28,167,22,6,0,114,169,363,598,98,5,63,323,2,3,1722,0,0,0,33,73,0,3189,2,44,36,11,0,2,5,34,2006,0,9,902,89,0,0,0,23,15,161,36,99,13,118,639,0,0,0,270,777,262,18,0,7,70,6,10,0,200,2207,0,0,26,4338,210,13,0,21,47,3,0,1,0,20,111,73,1827,364,3370,79,819,626,6173,20,675,10,99,24,128,39,116,33,0,30,17,0,0,0,108,79,5,0,191,7,52,12,0,73,726,230,2,0,4,156,3,0,2,1,1291,64,3,16,58,78,102,111,688,225,0,8,1122,248,493,784,392,583,5292,5,0,0,0,23,0,1417,22,414,0,4,974,80,33,20,253,0,928,19,39,0,717,1067,0,15,0,0,131,0,2,1,0,5726,1,481,0,6683,13,41128,124,25,3,6,0,0,8,1
4/19/2020,85,26,256,40,0,0,108,65,42,374,148,0,112,328,0,154,1952,2,0,0,28,27,5,10208,3,25,28,15,0,3,2,148,2324,0,0,668,94,456,0,0,20,21,68,141,79,8,216,449,0,140,0,405,517,158,12,0,0,20,0,3,0,106,5915,1,1,13,4569,208,3,0,22,85,7,3,3,0,20,118,11,2322,429,2466,82,532,532,5608,12,605,11,84,17,115,60,190,51,0,15,4,16,2,2,75,40,5,0,180,17,10,20,4,31,1302,170,0,3,1,187,8,0,0,2,1161,55,1,14,91,54,43,144,771,85,0,10,1387,240,617,548,448,520,6342,10,0,0,0,6,0,1162,26,445,0,11,624,89,19,30,126,0,9918,27,0,0,592,1061,2,33,0,25,173,1,3,0,16,5627,6,423,581,6379,12,33301,106,33,1,8,0,0,5,0
4/20/2020,37,35,150,18,0,0,134,85,180,194,117,6,36,512,2,1509,1770,0,28,0,45,59,0,2214,1,42,26,8,4,6,2,146,2883,0,0,763,67,288,0,22,6,15,0,72,84,5,423,311,0,0,0,346,782,289,19,3,0,8,2,3,4,389,3760,11,0,10,5657,0,13,0,32,78,0,0,10,1,15,95,74,1376,254,3635,69,478,522,4532,50,0,14,225,13,87,61,144,84,0,12,5,8,4,0,30,20,2,0,134,17,36,12,0,16,537,79,1,1,37,216,0,0,0,0,817,71,0,0,57,42,94,149,180,225,0,7,899,260,419,678,605,342,4467,0,1,2,0,2,0,1220,27,432,0,8,1459,35,9,75,298,0,5165,35,45,0,432,1040,0,16,0,87,98,3,2,1,110,6251,11,283,560,5259,22,29223,98,0,12,10,0,0,6,0
4/21/2020,81,43,154,34,0,4,204,93,426,439,119,6,81,445,6,526,1250,0,0,1,41,91,0,3351,0,51,24,2,0,1,3,25,2572,8,0,626,90,179,0,5,26,33,116,58,76,29,334,576,0,109,0,137,340,220,9,4,3,24,7,3,0,189,5078,45,0,8,5097,0,469,0,8,72,0,1,0,0,21,148,60,2296,496,3077,82,9587,694,5986,1,445,18,185,20,109,14,132,37,0,58,5,2,0,0,81,96,3,1,114,14,13,36,0,19,874,116,3,2,14,208,0,0,0,12,646,38,1,19,0,31,36,99,1275,240,0,7,1565,190,448,850,577,462,6120,11,0,0,1,16,0,1303,42,372,0,7,1149,34,13,49,165,0,6325,10,0,0,730,968,4,17,0,0,129,1,5,7,0,6218,5,433,576,5680,21,32841,148,30,2,0,0,0,5,3
4/22/2020,104,37,161,33,1,4,150,96,244,428,80,0,296,405,0,753,1628,0,0,0,21,51,2,5170,1,57,37,2,6,5,0,68,3695,0,0,894,77,283,0,21,19,42,44,110,86,7,342,618,0,100,1,389,524,246,27,2,0,23,0,7,5,123,-168,18,0,19,6803,112,7,1,23,110,0,1,8,0,17,90,52,1721,373,3436,79,670,1269,6750,10,512,25,166,7,76,36,201,60,2,15,11,13,8,0,79,79,8,6,154,3,54,16,0,19,1156,222,0,1,17,265,2,0,0,5,881,37,0,73,223,77,152,106,605,195,1,15,1504,159,554,852,684,747,5840,3,1,2,2,12,0,1318,42,306,0,11,1074,71,19,0,177,0,8047,23,38,0,854,736,0,20,0,30,260,0,2,9,67,4759,9,537,592,5358,19,32974,132,8,7,6,0,0,4,1
4/23/2020,118,58,253,24,0,0,351,76,133,455,71,11,247,437,7,912,1503,3,0,2,100,71,0,5959,2,92,30,18,0,9,0,442,2106,2,0,942,138,271,0,0,20,21,101,47,73,5,220,470,1,81,0,248,422,312,18,0,0,42,0,0,0,178,4270,2,0,13,6677,0,59,0,77,107,0,3,11,0,11,225,51,2389,416,2850,71,961,704,6143,25,1041,5,200,32,240,61,207,68,0,17,33,0,2,0,72,31,6,10,163,22,24,40,0,7,1188,254,10,2,8,167,6,0,1,6,1013,67,2,74,111,70,70,172,1475,390,0,5,2101,316,597,464,684,479,5287,4,0,0,0,14,0,1278,41,179,1,8,1065,86,19,54,746,1,8410,40,39,0,835,968,0,18,0,0,92,0,3,11,9,5245,12,671,613,5366,25,33968,153,27,1,4,5,0,4,0
4/24/2020,82,24,181,22,0,1,240,145,108,255,110,2,332,511,2,936,2007,0,0,0,115,62,0,5462,1,146,28,5,0,6,7,96,2169,0,7,1023,141,406,0,17,18,21,133,128,107,10,309,288,0,91,1,390,11590,279,32,130,5,28,7,5,2,616,3444,8,0,40,8555,161,32,1,46,113,2,6,0,0,107,250,33,1998,520,3017,67,797,649,6363,32,514,12,242,21,144,37,331,77,0,141,8,21,4,0,43,2311,4,1,210,21,26,21,0,19,1391,282,6,1,4,223,22,0,0,2,921,29,0,43,126,63,67,93,1029,228,0,21,870,266,625,505,820,682,6586,22,1,0,3,13,0,1302,72,239,0,19,929,104,8,0,271,0,-6562,54,0,1,1398,621,0,12,0,52,186,2,2,0,8,6477,1,769,656,6419,21,56833,107,13,-2,11,0,1,8,1
4/25/2020,116,43,204,7,0,0,236,157,258,314,92,5,117,319,2,1274,1565,0,0,0,61,121,0,7139,1,14,17,3,0,2,0,127,2485,0,13,978,76,333,0,0,26,32,0,62,75,56,165,393,0,52,3,242,0,279,0,44,2,52,20,9,0,89,3162,8,6,19,1631,0,16,3,60,60,0,0,5,0,47,0,29,2239,467,2804,75,426,677,5394,17,543,9,161,11,94,32,325,0,3,20,13,6,0,0,47,97,2,0,152,49,49,28,0,10,5576,274,1,0,31,191,5,0,0,1,775,33,1,42,104,80,38,119,910,224,0,12,4050,149,593,670,953,325,6714,8,0,0,0,0,0,1372,83,361,0,0,664,44,24,64,148,0,6646,49,45,0,650,527,5,12,0,0,0,0,9,5,30,6812,0,478,666,5823,36,36351,144,5,5,4,0,0,0,2
4/26/2020,90,22,161,0,1,0,196,99,188,262,87,9,88,432,8,1000,1354,0,16,1,114,64,0,4997,2,62,15,0,0,16,0,195,2648,3,0,759,106,314,0,0,27,24,122,84,99,7,146,270,0,53,0,302,0,287,32,1,0,16,3,13,2,105,1127,0,0,41,3556,293,15,0,33,0,2,2,3,0,0,94,40,2247,363,2677,97,725,443,4392,45,375,8,152,20,58,34,334,42,0,8,5,5,0,1,19,31,10,1,138,37,42,33,0,5,2086,176,0,1,2,226,6,0,1,7,738,38,1,39,113,147,28,97,687,247,0,0,2505,362,494,547,1012,583,6944,12,0,0,0,26,0,1368,66,298,0,13,989,15,11,53,186,1,4681,65,29,0,465,678,4,6,0,0,62,0,2,1,19,6014,4,558,632,4892,16,35373,89,7,0,0,0,0,9,0
4/27/2020,192,22,192,46,1,0,149,78,54,136,57,0,105,513,1,874,759,1,0,0,85,85,0,5653,1,66,19,6,0,3,2,105,3122,0,0,794,103,304,0,0,17,25,45,76,46,6,325,282,0,78,0,245,799,328,31,1,0,5,6,10,0,122,4790,48,0,18,3638,0,19,0,30,205,35,3,3,0,50,104,16,2233,280,2363,51,401,584,3768,15,815,7,156,16,105,53,421,38,0,7,3,0,0,0,18,25,8,2,136,12,20,6,0,6,1667,109,1,1,36,158,0,0,0,0,443,37,0,40,80,70,76,82,691,361,0,8,1573,278,513,216,1011,412,6824,17,0,0,4,0,0,1468,66,266,0,0,836,11,7,47,250,0,4665,71,40,0,366,558,5,9,0,0,25,0,0,6,82,6877,1,427,608,4681,25,28186,138,9,0,0,0,0,0,4
4/28/2020,134,25,230,14,0,0,156,78,106,321,98,1,180,560,0,1176,836,3,0,1,53,46,1,7671,0,52,10,4,0,6,0,110,2639,31,12,944,70,426,0,9,20,27,45,78,100,15,185,325,0,58,0,299,1226,350,30,57,6,20,6,2,0,351,4830,37,0,26,4242,159,34,4,0,100,0,0,0,1,44,95,15,2552,526,2689,116,286,725,4790,0,-408,7,246,21,79,41,317,34,0,18,7,41,0,0,-40,13,7,1,107,24,26,25,0,1,3695,208,8,0,10,218,0,0,0,2,220,17,0,28,199,64,62,82,921,0,0,20,3317,243,539,347,745,562,7594,7,2,0,0,15,8,1527,99,279,0,13,561,25,11,59,806,28,3282,39,56,0,776,534,2,17,0,0,52,4,2,0,9,7502,5,548,639,4919,13,31033,135,0,-3,-11,0,0,7,0
4/29/2020,137,40,257,26,1,0,195,99,60,255,96,0,255,660,1,1057,1035,0,0,0,68,122,5,8468,0,75,26,12,0,0,0,149,2983,0,0,876,56,410,0,0,23,25,87,75,72,6,235,411,0,106,0,306,429,278,42,0,0,2,20,12,0,173,-741,52,0,16,4780,0,11,4,41,155,133,7,0,0,32,107,22,2499,408,2505,104,4560,598,4720,32,647,10,156,16,142,26,514,42,0,96,9,0,0,0,59,39,8,2,149,29,66,41,1,1,1210,280,8,0,5,222,0,0,0,3,533,14,0,37,255,61,51,143,1136,440,0,0,3688,330,820,289,752,557,7776,16,0,2,1,15,0,1499,78,264,0,0,750,70,20,55,364,0,8996,32,61,1,788,160,0,4,0,306,22,0,12,12,20,8256,2,578,706,4932,23,34723,168,2,0,1,0,5,14,0
4/30/2020,244,23,241,47,0,0,211,165,43,182,97,3,164,579,1,1165,1046,0,0,0,75,101,0,9798,0,84,12,1,0,9,0,0,2844,0,38,1672,61,343,1,14,96,21,54,76,101,155,318,342,0,55,0,401,277,327,32,0,7,38,11,2,0,294,2293,0,1,28,4726,428,813,0,46,160,0,9,7,1,44,105,14,2507,486,2366,112,401,447,6850,27,302,8,311,29,23,29,436,42,1,9,4,0,1,0,36,95,2,1,143,190,15,14,0,4,1552,199,6,0,11,160,0,0,0,0,604,14,1,23,223,138,31,206,2224,213,0,39,3521,306,468,605,974,734,8533,24,2,0,0,15,6,1566,70,342,0,32,585,46,16,30,297,1,3889,32,77,0,914,1000,0,11,15,0,26,10,10,1,26,7554,2,686,659,6718,20,64771,74,8,-3,5,0,2,10,8
5/1/2020,218,27,193,1,7,5,147,131,45,287,91,-1,185,587,0,1426,938,4,36,0,68,53,3,7525,0,61,16,4,0,15,1,0,3453,22,0,1430,53,632,0,15,35,23,82,88,72,7,117,344,0,38,0,414,1920,451,34,0,0,9,6,9,0,63,960,0,1,51,4581,0,21,0,51,55,52,0,6,0,70,127,20,3402,510,2284,108,254,753,4538,12,757,8,251,25,59,0,420,52,0,13,46,13,2,0,19,20,6,2,109,23,79,34,0,2,2582,179,9,0,19,246,3,0,0,2,588,18,0,36,280,102,45,99,1729,238,0,69,4280,336,490,452,753,665,9630,11,2,0,0,15,3,1743,113,0,0,12,957,41,6,0,626,10,1781,35,103,0,495,636,7,2,0,0,41,0,8,11,15,7194,2,641,677,6978,23,46052,126,2,0,9,0,1,22,0
5/2/2020,159,38,198,7,5,0,189,158,61,104,86,2,127,560,5,1114,866,0,0,0,271,84,0,8145,2,54,21,6,7,31,0,267,2780,0,55,1994,13,404,2,0,71,25,54,47,127,7,112,271,0,29,0,397,1655,369,40,0,0,9,2,3,2,127,1830,79,6,17,3066,113,11,1,45,112,0,0,0,0,211,107,17,3354,397,1899,126,364,525,4039,33,515,5,323,27,73,82,346,36,1,1,10,5,4,0,46,115,6,1,221,29,46,-3,0,2,1438,136,5,1,13,335,6,0,0,0,539,5,0,39,235,58,27,292,1114,394,0,41,3456,220,554,-121,874,411,11469,17,0,0,0,1,0,1579,103,446,0,20,527,55,13,76,559,0,7121,25,70,0,578,420,0,3,63,0,19,0,0,5,19,6512,3,642,690,5441,9,41871,91,10,0,0,0,3,11,-6
5/3/2020,262,18,247,23,0,0,145,140,59,89,68,0,249,1553,1,958,566,0,0,0,136,69,0,7070,2,46,16,10,0,28,0,0,3796,0,0,1710,103,455,0,0,0,20,69,36,101,8,155,224,0,0,0,508,3435,326,57,0,0,6,4,8,0,88,766,0,0,24,2351,0,7,0,15,0,0,0,4,0,53,65,12,3830,574,2095,96,347,182,3303,12,1095,1,164,47,44,73,442,65,0,8,7,14,0,0,7,77,15,1,211,8,27,22,0,1,2546,118,0,0,4,357,2,0,0,16,404,10,3,26,221,100,38,85,1295,0,0,33,4596,389,515,130,809,772,12317,8,0,1,0,5,0,1929,71,231,0,19,719,12,4,62,455,1,2702,25,0,1,245,388,0,12,52,0,10,0,2,5,9,6623,1,561,670,4662,5,31584,80,22,1,1,0,0,8,0
5/4/2020,247,20,238,8,0,0,206,161,64,114,92,1,176,839,2,851,510,1,14,0,101,100,0,9934,2,52,16,12,0,14,0,27,2770,13,0,1364,110,408,0,9,14,16,74,39,70,2,262,257,0,31,0,459,2481,425,93,6,0,3,4,5,0,583,1553,41,0,4,2715,615,8,0,36,171,156,15,14,0,128,49,6,5179,492,2254,105,282,356,2641,2,425,7,220,31,71,30,468,46,0,17,3,8,1,0,12,30,1,2,126,14,29,10,0,1,1551,175,0,3,5,370,0,0,0,0,225,25,0,22,267,55,60,135,1397,110,8,23,2379,379,483,285,786,777,12113,6,0,0,2,0,9,1994,133,120,0,21,622,30,1,54,641,0,3150,44,95,0,3563,798,0,4,103,0,19,4,9,6,84,6693,11,504,781,4288,7,30603,126,0,0,34,0,2,13,0
5/5/2020,359,44,264,17,1,1,167,153,117,181,104,7,205,981,1,1377,397,2,0,0,138,77,0,9812,1,75,21,0,0,11,0,0,2421,0,64,1673,80,866,0,0,33,27,41,52,95,4,281,369,0,36,1,387,0,502,58,0,4,10,3,22,0,91,2803,30,0,28,3255,0,10,0,33,150,0,2,2,0,102,121,10,4385,735,2482,116,231,447,3663,20,535,11,262,54,53,88,611,39,0,1,7,6,0,0,44,19,4,0,114,35,40,7,0,3,4719,240,3,2,1,353,1,0,0,7,406,17,1,18,217,30,52,141,1312,518,0,21,4903,306,628,220,1065,533,11967,1,4,0,0,13,151,2559,114,272,2,29,694,106,10,96,362,6,3646,40,113,0,580,239,0,0,65,0,8,0,2,4,80,7010,1,635,658,5119,34,28729,114,4,13,34,0,12,15,0
5/6/2020,214,37,295,7,0,0,249,187,75,213,97,3,312,793,0,1527,885,0,0,0,100,65,0,14955,1,96,48,1,0,6,0,252,2833,9,0,1517,61,500,6,32,95,21,72,50,65,5,282,317,0,15,0,390,49,489,61,125,0,5,5,19,0,167,5049,0,0,35,6237,372,22,0,44,145,68,0,0,1,207,106,17,4868,510,2870,80,4025,194,9827,6,0,4,347,57,91,0,674,43,1,120,9,25,2,0,47,53,7,2,181,44,52,6,0,1,2777,234,1,0,8,370,2,0,0,23,275,17,0,25,253,59,42,198,2737,252,0,16,5831,439,701,828,976,627,12107,8,0,0,0,24,0,3048,128,365,0,40,905,29,6,51,648,6,3756,28,88,0,789,361,1,6,89,0,16,0,3,0,112,7234,2,720,763,6773,21,27490,102,36,0,50,0,4,18,0
5/7/2020,183,20,318,7,0,0,249,154,66,128,92,0,405,1226,6,1596,964,0,47,0,227,70,1,13744,2,75,14,27,0,27,0,4,2758,0,100,2012,53,659,0,0,78,21,78,47,60,110,231,371,0,53,0,403,-1547,478,95,0,0,17,30,29,0,103,1984,126,1,11,3185,9,16,0,40,103,90,0,34,0,252,91,7,4913,437,2710,87,165,308,4706,11,667,25,266,35,77,78,442,47,-1,10,48,15,0,0,27,63,35,5,113,32,29,8,0,0,2239,220,0,0,4,302,3,0,1,2,541,16,0,40,452,56,39,149,592,171,0,28,4664,478,536,731,1134,772,13795,6,0,2,0,23,14,2818,129,249,0,8,819,61,2,79,432,16,3844,44,93,0,1701,271,0,9,86,0,14,1,15,0,11,6816,1,819,723,6193,17,35025,144,11,18,3,0,0,9,0
5/8/2020,222,23,336,11,7,0,309,179,49,165,100,5,273,907,1,1355,918,0,111,0,207,57,0,15895,1,62,12,6,0,18,0,0,2608,49,8,1896,17,740,0,13,104,24,43,84,60,2,91,361,0,27,0,510,-1430,574,53,0,7,436,6,5,0,570,2228,116,2,22,1276,941,15,0,80,116,30,9,18,0,126,101,10,4551,462,2704,97,182,416,4317,6,339,18,370,19,102,0,729,24,0,19,16,10,0,0,29,33,0,0,156,96,35,9,0,0,4638,207,0,1,2,311,4,0,0,10,390,23,0,30,474,35,37,200,2871,208,0,105,4032,247,662,726,1395,626,13602,5,1,0,0,9,22,3033,108,391,0,27,1096,109,7,0,680,48,4276,19,198,0,777,294,4,8,61,50,20,0,11,0,43,5308,0,835,827,5306,25,32381,146,12,8,52,0,11,22,4
5/9/2020,291,13,274,11,2,3,241,196,40,152,190,6,357,957,5,1522,855,0,42,0,200,123,3,12194,0,74,7,2,0,18,0,237,2393,0,68,1764,148,606,3,0,0,26,81,53,75,2,55,271,0,64,0,809,266,556,62,0,0,55,6,19,0,147,916,41,0,12,2375,310,20,0,70,68,48,0,5,0,63,87,8,4643,662,2804,120,236,167,5285,0,865,16,286,34,76,62,573,33,4,2,24,0,0,0,71,31,0,13,120,55,39,9,0,0,3641,249,1,1,7,336,12,0,1,8,355,5,0,38,316,50,30,156,2617,3833,0,129,4502,263,547,227,1210,825,16229,11,1,0,0,26,0,2738,119,374,0,39,1009,14,8,77,1363,0,3704,32,75,0,701,351,0,6,98,0,8,0,10,1,24,4680,15,733,1093,4246,15,40777,95,14,0,0,0,0,89,1
5/10/2020,430,35,305,6,2,0,292,197,35,104,128,0,182,1137,0,1282,791,0,35,0,138,79,0,10377,2,67,12,6,0,10,0,544,2188,0,0,2100,60,722,0,0,62,34,58,52,68,7,59,237,6,34,1,647,898,520,122,0,0,9,22,31,0,84,561,0,0,21,1675,0,6,0,93,120,86,10,34,0,150,87,0,6132,492,2513,122,248,82,3122,40,2352,20,280,57,57,39,1181,88,0,9,36,0,0,0,36,45,0,0,163,45,66,12,0,0,1674,101,0,0,17,248,4,0,1,0,263,18,0,14,296,44,6,224,1875,359,0,34,3470,281,621,234,1494,392,13490,4,0,0,0,-9,0,3232,84,0,2,25,1301,24,5,68,793,0,3129,77,237,0,406,257,0,5,0,0,12,0,24,3,40,4800,5,688,1303,4193,10,24076,104,15,0,35,0,18,20,1
5/11/2020,287,8,336,0,0,0,333,114,68,83,100,3,377,1297,0,1062,474,0,0,2,305,38,1,9852,0,44,17,2,0,16,1,180,2195,0,0,1701,32,686,0,80,38,25,54,30,53,3,292,199,0,42,0,399,-32,451,102,0,1,4,4,17,0,26,1224,159,3,12,2006,553,10,0,63,0,35,6,28,0,139,54,0,5269,434,3007,108,148,448,2324,3,245,23,251,41,67,16,783,27,0,7,14,18,4,0,11,18,-7,11,159,62,35,8,0,2,2689,96,3,0,4,475,12,0,0,26,177,12,0,24,373,86,32,307,2286,173,0,16,2644,374,459,107,1190,441,17245,11,0,0,0,4,0,3255,242,705,0,37,991,18,3,39,833,36,4182,28,178,0,379,251,0,3,50,0,8,0,7,0,27,4258,0,661,1260,4107,10,36341,175,20,8,38,1,6,0,0
5/12/2020,333,32,341,21,0,0,315,218,68,169,105,0,336,1225,1,1417,419,0,22,2,153,75,5,14641,0,50,11,2,0,7,0,0,2388,0,67,2190,31,819,0,0,86,6,129,35,70,50,224,324,0,43,0,626,1092,512,66,0,0,31,9,12,0,323,2213,71,0,36,2255,427,19,0,95,254,59,4,0,0,-10,82,3,5516,682,2464,210,128,265,4026,12,383,14,221,26,52,52,1195,42,0,167,11,0,0,0,23,15,0,0,126,7,40,3,1,0,5185,255,0,1,4,317,1,0,0,83,250,4,12,34,211,16,29,148,2543,1504,0,16,4251,396,938,717,1705,650,14717,4,0,0,3,41,0,4440,136,379,0,0,1475,33,4,86,698,38,2611,43,152,0,659,58,0,4,68,0,4,0,21,0,13,4866,8,477,1416,4045,15,20723,55,16,3,7,0,10,174,0
